,filename_index
0,fungi_final000680.jpg
1,fungi_final002080.jpg
2,fungi_final001828.jpg
3,fungi_final002450.jpg
4,fungi_final002020.jpg
5,fungi_final002300.jpg
6,fungi_final001880.jpg
7,fungi_final002853.jpg
8,fungi_final001187.jpg
9,fungi_final000913.jpg
10,fungi_final003320.jpg
11,fungi_final000151.jpg
12,fungi_final001073.jpg
13,fungi_final001564.jpg
14,fungi_final002811.jpg
15,fungi_final003497.jpg
16,fungi_final001810.jpg
17,fungi_final003142.jpg
18,fungi_final002680.jpg
19,fungi_final000496.jpg
20,fungi_final002340.jpg
21,fungi_final001994.jpg
22,fungi_final002605.jpg
23,fungi_final002291.jpg
24,fungi_final002459.jpg
25,fungi_final000759.jpg
26,fungi_final002338.jpg
27,fungi_final000646.jpg
28,fungi_final002964.jpg
29,fungi_final002387.jpg
30,fungi_final003400.jpg
31,fungi_final003297.jpg
32,fungi_final002493.jpg
33,fungi_final002880.jpg
34,fungi_final000201.jpg
35,fungi_final003003.jpg
36,fungi_final001086.jpg
37,fungi_final002227.jpg
38,fungi_final002342.jpg
39,fungi_final001006.jpg
40,fungi_final000160.jpg
41,fungi_final002301.jpg
42,fungi_final002262.jpg
43,fungi_final001188.jpg
44,fungi_final000065.jpg
45,fungi_final000877.jpg
46,fungi_final001203.jpg
47,fungi_final003395.jpg
48,fungi_final000230.jpg
49,fungi_final002222.jpg
50,fungi_final000422.jpg
51,fungi_final001257.jpg
52,fungi_final002894.jpg
53,fungi_final000010.jpg
54,fungi_final001981.jpg
55,fungi_final001400.jpg
56,fungi_final001949.jpg
57,fungi_final000476.jpg
58,fungi_final002017.jpg
59,fungi_final002552.jpg
60,fungi_final003408.jpg
61,fungi_final000205.jpg
62,fungi_final001312.jpg
63,fungi_final003115.jpg
64,fungi_final001576.jpg
65,fungi_final002306.jpg
66,fungi_final001790.jpg
67,fungi_final001653.jpg
68,fungi_final003535.jpg
69,fungi_final001198.jpg
70,fungi_final000460.jpg
71,fungi_final002666.jpg
72,fungi_final001693.jpg
73,fungi_final002480.jpg
74,fungi_final001703.jpg
75,fungi_final003504.jpg
76,fungi_final000269.jpg
77,fungi_final002815.jpg
78,fungi_final000540.jpg
79,fungi_final002931.jpg
80,fungi_final000789.jpg
81,fungi_final000187.jpg
82,fungi_final001035.jpg
83,fungi_final001861.jpg
84,fungi_final001546.jpg
85,fungi_final003170.jpg
86,fungi_final001182.jpg
87,fungi_final000161.jpg
88,fungi_final002485.jpg
89,fungi_final002802.jpg
90,fungi_final000235.jpg
91,fungi_final000243.jpg
92,fungi_final003019.jpg
93,fungi_final003124.jpg
94,fungi_final000875.jpg
95,fungi_final000580.jpg
96,fungi_final000024.jpg
97,fungi_final003561.jpg
98,fungi_final002182.jpg
99,fungi_final003557.jpg
100,fungi_final003583.jpg
101,fungi_final000425.jpg
102,fungi_final003310.jpg
103,fungi_final000991.jpg
104,fungi_final000353.jpg
105,fungi_final002479.jpg
106,fungi_final000152.jpg
107,fungi_final001021.jpg
108,fungi_final000223.jpg
109,fungi_final002825.jpg
110,fungi_final003111.jpg
111,fungi_final001919.jpg
112,fungi_final000440.jpg
113,fungi_final000701.jpg
114,fungi_final000902.jpg
115,fungi_final002461.jpg
116,fungi_final002733.jpg
117,fungi_final000688.jpg
118,fungi_final002673.jpg
119,fungi_final002034.jpg
120,fungi_final000693.jpg
121,fungi_final000405.jpg
122,fungi_final002668.jpg
123,fungi_final002168.jpg
124,fungi_final000927.jpg
125,fungi_final003420.jpg
126,fungi_final002753.jpg
127,fungi_final002336.jpg
128,fungi_final000321.jpg
129,fungi_final003590.jpg
130,fungi_final002773.jpg
131,fungi_final002171.jpg
132,fungi_final000447.jpg
133,fungi_final001623.jpg
134,fungi_final000115.jpg
135,fungi_final002858.jpg
136,fungi_final001613.jpg
137,fungi_final000019.jpg
138,fungi_final001675.jpg
139,fungi_final003060.jpg
140,fungi_final000829.jpg
141,fungi_final000106.jpg
142,fungi_final001806.jpg
143,fungi_final000947.jpg
144,fungi_final001526.jpg
145,fungi_final001504.jpg
146,fungi_final000517.jpg
147,fungi_final003084.jpg
148,fungi_final001013.jpg
149,fungi_final001959.jpg
150,fungi_final002751.jpg
151,fungi_final001812.jpg
152,fungi_final001192.jpg
153,fungi_final001600.jpg
154,fungi_final001755.jpg
155,fungi_final000966.jpg
156,fungi_final000077.jpg
157,fungi_final002400.jpg
158,fungi_final000467.jpg
159,fungi_final002871.jpg
160,fungi_final001179.jpg
161,fungi_final000311.jpg
162,fungi_final002158.jpg
163,fungi_final003118.jpg
164,fungi_final001094.jpg
165,fungi_final000751.jpg
166,fungi_final000603.jpg
167,fungi_final000046.jpg
168,fungi_final001848.jpg
169,fungi_final002633.jpg
170,fungi_final002409.jpg
171,fungi_final003494.jpg
172,fungi_final001596.jpg
173,fungi_final001308.jpg
174,fungi_final001053.jpg
175,fungi_final001601.jpg
176,fungi_final000286.jpg
177,fungi_final002957.jpg
178,fungi_final000843.jpg
179,fungi_final003322.jpg
180,fungi_final000832.jpg
181,fungi_final000894.jpg
182,fungi_final003131.jpg
183,fungi_final003584.jpg
184,fungi_final001529.jpg
185,fungi_final000518.jpg
186,fungi_final000107.jpg
187,fungi_final002669.jpg
188,fungi_final001272.jpg
189,fungi_final002763.jpg
190,fungi_final001328.jpg
191,fungi_final002966.jpg
192,fungi_final003034.jpg
193,fungi_final001947.jpg
194,fungi_final003293.jpg
195,fungi_final001792.jpg
196,fungi_final003091.jpg
197,fungi_final000204.jpg
198,fungi_final003013.jpg
199,fungi_final002967.jpg
200,fungi_final000658.jpg
201,fungi_final000887.jpg
202,fungi_final003067.jpg
203,fungi_final003148.jpg
204,fungi_final002912.jpg
205,fungi_final000767.jpg
206,fungi_final002104.jpg
207,fungi_final000415.jpg
208,fungi_final002606.jpg
209,fungi_final000131.jpg
210,fungi_final000320.jpg
211,fungi_final001762.jpg
212,fungi_final000341.jpg
213,fungi_final003592.jpg
214,fungi_final002359.jpg
215,fungi_final000427.jpg
216,fungi_final003119.jpg
217,fungi_final001462.jpg
218,fungi_final000167.jpg
219,fungi_final001404.jpg
220,fungi_final000357.jpg
221,fungi_final000897.jpg
222,fungi_final003448.jpg
223,fungi_final001716.jpg
224,fungi_final001069.jpg
225,fungi_final001667.jpg
226,fungi_final001507.jpg
227,fungi_final002618.jpg
228,fungi_final003423.jpg
229,fungi_final002739.jpg
230,fungi_final002251.jpg
231,fungi_final002123.jpg
232,fungi_final001728.jpg
233,fungi_final001712.jpg
234,fungi_final002865.jpg
235,fungi_final002027.jpg
236,fungi_final001231.jpg
237,fungi_final001200.jpg
238,fungi_final002041.jpg
239,fungi_final002834.jpg
240,fungi_final000062.jpg
241,fungi_final000670.jpg
242,fungi_final002689.jpg
243,fungi_final001177.jpg
244,fungi_final001607.jpg
245,fungi_final000283.jpg
246,fungi_final002333.jpg
247,fungi_final000772.jpg
248,fungi_final001671.jpg
249,fungi_final000579.jpg
250,fungi_final002244.jpg
251,fungi_final001602.jpg
252,fungi_final000186.jpg
253,fungi_final002386.jpg
254,fungi_final003099.jpg
255,fungi_final001158.jpg
256,fungi_final003057.jpg
257,fungi_final001497.jpg
258,fungi_final003518.jpg
259,fungi_final000018.jpg
260,fungi_final000443.jpg
261,fungi_final001422.jpg
262,fungi_final002140.jpg
263,fungi_final000367.jpg
264,fungi_final001239.jpg
265,fungi_final000853.jpg
266,fungi_final002767.jpg
267,fungi_final003026.jpg
268,fungi_final003054.jpg
269,fungi_final003571.jpg
270,fungi_final001283.jpg
271,fungi_final003523.jpg
272,fungi_final003364.jpg
273,fungi_final000226.jpg
274,fungi_final002010.jpg
275,fungi_final001931.jpg
276,fungi_final002445.jpg
277,fungi_final003328.jpg
278,fungi_final002302.jpg
279,fungi_final002989.jpg
280,fungi_final003513.jpg
281,fungi_final000332.jpg
282,fungi_final000903.jpg
283,fungi_final002899.jpg
284,fungi_final001784.jpg
285,fungi_final000641.jpg
286,fungi_final002136.jpg
287,fungi_final002174.jpg
288,fungi_final002527.jpg
289,fungi_final003552.jpg
290,fungi_final000874.jpg
291,fungi_final000090.jpg
292,fungi_final000401.jpg
293,fungi_final002067.jpg
294,fungi_final003134.jpg
295,fungi_final003259.jpg
296,fungi_final002214.jpg
297,fungi_final000314.jpg
298,fungi_final000965.jpg
299,fungi_final002487.jpg
300,fungi_final003582.jpg
301,fungi_final002246.jpg
302,fungi_final000914.jpg
303,fungi_final000016.jpg
304,fungi_final001531.jpg
305,fungi_final002956.jpg
306,fungi_final002998.jpg
307,fungi_final000908.jpg
308,fungi_final000233.jpg
309,fungi_final000677.jpg
310,fungi_final002421.jpg
311,fungi_final002372.jpg
312,fungi_final002532.jpg
313,fungi_final000103.jpg
314,fungi_final001359.jpg
315,fungi_final000687.jpg
316,fungi_final000059.jpg
317,fungi_final000387.jpg
318,fungi_final002245.jpg
319,fungi_final003409.jpg
320,fungi_final001383.jpg
321,fungi_final000315.jpg
322,fungi_final002478.jpg
323,fungi_final000756.jpg
324,fungi_final003330.jpg
325,fungi_final002901.jpg
326,fungi_final001914.jpg
327,fungi_final000946.jpg
328,fungi_final001365.jpg
329,fungi_final002177.jpg
330,fungi_final002011.jpg
331,fungi_final002202.jpg
332,fungi_final001427.jpg
333,fungi_final002004.jpg
334,fungi_final001118.jpg
335,fungi_final001578.jpg
336,fungi_final000649.jpg
337,fungi_final000470.jpg
338,fungi_final003575.jpg
339,fungi_final001581.jpg
340,fungi_final000928.jpg
341,fungi_final003443.jpg
342,fungi_final003556.jpg
343,fungi_final002016.jpg
344,fungi_final001220.jpg
345,fungi_final000244.jpg
346,fungi_final000630.jpg
347,fungi_final001072.jpg
348,fungi_final000841.jpg
349,fungi_final003242.jpg
350,fungi_final002176.jpg
351,fungi_final002059.jpg
352,fungi_final002482.jpg
353,fungi_final001630.jpg
354,fungi_final002353.jpg
355,fungi_final001886.jpg
356,fungi_final002730.jpg
357,fungi_final002331.jpg
358,fungi_final001783.jpg
359,fungi_final001375.jpg
360,fungi_final001885.jpg
361,fungi_final002056.jpg
362,fungi_final000599.jpg
363,fungi_final003370.jpg
364,fungi_final000640.jpg
365,fungi_final001447.jpg
366,fungi_final001733.jpg
367,fungi_final000574.jpg
368,fungi_final001429.jpg
369,fungi_final001247.jpg
370,fungi_final003125.jpg
371,fungi_final002035.jpg
372,fungi_final001727.jpg
373,fungi_final001832.jpg
374,fungi_final002148.jpg
375,fungi_final003105.jpg
376,fungi_final001639.jpg
377,fungi_final002357.jpg
378,fungi_final003068.jpg
379,fungi_final002312.jpg
380,fungi_final002907.jpg
381,fungi_final003223.jpg
382,fungi_final002125.jpg
383,fungi_final000184.jpg
384,fungi_final003473.jpg
385,fungi_final000652.jpg
386,fungi_final003231.jpg
387,fungi_final001724.jpg
388,fungi_final001964.jpg
389,fungi_final000094.jpg
390,fungi_final003190.jpg
391,fungi_final002554.jpg
392,fungi_final003189.jpg
393,fungi_final001439.jpg
394,fungi_final000825.jpg
395,fungi_final003061.jpg
396,fungi_final002674.jpg
397,fungi_final003036.jpg
398,fungi_final000398.jpg
399,fungi_final002317.jpg
400,fungi_final001329.jpg
401,fungi_final002940.jpg
402,fungi_final000951.jpg
403,fungi_final002544.jpg
404,fungi_final000750.jpg
405,fungi_final000071.jpg
406,fungi_final001702.jpg
407,fungi_final002539.jpg
408,fungi_final001996.jpg
409,fungi_final000719.jpg
410,fungi_final001891.jpg
411,fungi_final001424.jpg
412,fungi_final000344.jpg
413,fungi_final003291.jpg
414,fungi_final003407.jpg
415,fungi_final000453.jpg
416,fungi_final000477.jpg
417,fungi_final002781.jpg
418,fungi_final002917.jpg
419,fungi_final000374.jpg
420,fungi_final001233.jpg
421,fungi_final000504.jpg
422,fungi_final001998.jpg
423,fungi_final001244.jpg
424,fungi_final001723.jpg
425,fungi_final001333.jpg
426,fungi_final002361.jpg
427,fungi_final001692.jpg
428,fungi_final002490.jpg
429,fungi_final003302.jpg
430,fungi_final002721.jpg
431,fungi_final001334.jpg
432,fungi_final003539.jpg
433,fungi_final001634.jpg
434,fungi_final002540.jpg
435,fungi_final002909.jpg
436,fungi_final000290.jpg
437,fungi_final002351.jpg
438,fungi_final000857.jpg
439,fungi_final001500.jpg
440,fungi_final001570.jpg
441,fungi_final000522.jpg
442,fungi_final000976.jpg
443,fungi_final003193.jpg
444,fungi_final003309.jpg
445,fungi_final002889.jpg
446,fungi_final001303.jpg
447,fungi_final000173.jpg
448,fungi_final000865.jpg
449,fungi_final002648.jpg
450,fungi_final003314.jpg
451,fungi_final003088.jpg
452,fungi_final002952.jpg
453,fungi_final002446.jpg
454,fungi_final000645.jpg
455,fungi_final000564.jpg
456,fungi_final003466.jpg
457,fungi_final003163.jpg
458,fungi_final003250.jpg
459,fungi_final002595.jpg
460,fungi_final000712.jpg
461,fungi_final000989.jpg
462,fungi_final000181.jpg
463,fungi_final001417.jpg
464,fungi_final001901.jpg
465,fungi_final001369.jpg
466,fungi_final001612.jpg
467,fungi_final001874.jpg
468,fungi_final003373.jpg
469,fungi_final001863.jpg
470,fungi_final002078.jpg
471,fungi_final000918.jpg
472,fungi_final000237.jpg
473,fungi_final002028.jpg
474,fungi_final000054.jpg
475,fungi_final002444.jpg
476,fungi_final000559.jpg
477,fungi_final000931.jpg
478,fungi_final001124.jpg
479,fungi_final002081.jpg
480,fungi_final002241.jpg
481,fungi_final000901.jpg
482,fungi_final000213.jpg
483,fungi_final002008.jpg
484,fungi_final003141.jpg
485,fungi_final002615.jpg
486,fungi_final002961.jpg
487,fungi_final000289.jpg
488,fungi_final001139.jpg
489,fungi_final001875.jpg
490,fungi_final000457.jpg
491,fungi_final001955.jpg
492,fungi_final002852.jpg
493,fungi_final000025.jpg
494,fungi_final000566.jpg
495,fungi_final000490.jpg
496,fungi_final003481.jpg
497,fungi_final000619.jpg
498,fungi_final002534.jpg
499,fungi_final002218.jpg
500,fungi_final000454.jpg
501,fungi_final003239.jpg
502,fungi_final002624.jpg
503,fungi_final003591.jpg
504,fungi_final002749.jpg
505,fungi_final001398.jpg
506,fungi_final000306.jpg
507,fungi_final002118.jpg
508,fungi_final003143.jpg
509,fungi_final001561.jpg
510,fungi_final002087.jpg
511,fungi_final003471.jpg
512,fungi_final000159.jpg
513,fungi_final003452.jpg
514,fungi_final001090.jpg
515,fungi_final000771.jpg
516,fungi_final000050.jpg
517,fungi_final001210.jpg
518,fungi_final002667.jpg
519,fungi_final000735.jpg
520,fungi_final001287.jpg
521,fungi_final001310.jpg
522,fungi_final002971.jpg
523,fungi_final001321.jpg
524,fungi_final002616.jpg
525,fungi_final002766.jpg
526,fungi_final002099.jpg
527,fungi_final003371.jpg
528,fungi_final000220.jpg
529,fungi_final000705.jpg
530,fungi_final001019.jpg
531,fungi_final003137.jpg
532,fungi_final000183.jpg
533,fungi_final002533.jpg
534,fungi_final000045.jpg
535,fungi_final002348.jpg
536,fungi_final002575.jpg
537,fungi_final000409.jpg
538,fungi_final003304.jpg
539,fungi_final002939.jpg
540,fungi_final003219.jpg
541,fungi_final003255.jpg
542,fungi_final001259.jpg
543,fungi_final001164.jpg
544,fungi_final001809.jpg
545,fungi_final001362.jpg
546,fungi_final000448.jpg
547,fungi_final002812.jpg
548,fungi_final000815.jpg
549,fungi_final002385.jpg
550,fungi_final001498.jpg
551,fungi_final003515.jpg
552,fungi_final000313.jpg
553,fungi_final001560.jpg
554,fungi_final000328.jpg
555,fungi_final003121.jpg
556,fungi_final002181.jpg
557,fungi_final002224.jpg
558,fungi_final001870.jpg
559,fungi_final001469.jpg
560,fungi_final000432.jpg
561,fungi_final001156.jpg
562,fungi_final002623.jpg
563,fungi_final002449.jpg
564,fungi_final000285.jpg
565,fungi_final002584.jpg
566,fungi_final003430.jpg
567,fungi_final001085.jpg
568,fungi_final001123.jpg
569,fungi_final001975.jpg
570,fungi_final000133.jpg
571,fungi_final001489.jpg
572,fungi_final002200.jpg
573,fungi_final002314.jpg
574,fungi_final003211.jpg
575,fungi_final000662.jpg
576,fungi_final002377.jpg
577,fungi_final002217.jpg
578,fungi_final002936.jpg
579,fungi_final002370.jpg
580,fungi_final003154.jpg
581,fungi_final001322.jpg
582,fungi_final000225.jpg
583,fungi_final000070.jpg
584,fungi_final003572.jpg
585,fungi_final000298.jpg
586,fungi_final001218.jpg
587,fungi_final000868.jpg
588,fungi_final002641.jpg
589,fungi_final002927.jpg
590,fungi_final000916.jpg
591,fungi_final000217.jpg
592,fungi_final000937.jpg
593,fungi_final001412.jpg
594,fungi_final002442.jpg
595,fungi_final003204.jpg
596,fungi_final002097.jpg
597,fungi_final002210.jpg
598,fungi_final002734.jpg
599,fungi_final003555.jpg
600,fungi_final002704.jpg
601,fungi_final000637.jpg
602,fungi_final003496.jpg
603,fungi_final001683.jpg
604,fungi_final002738.jpg
605,fungi_final002884.jpg
606,fungi_final001789.jpg
607,fungi_final000943.jpg
608,fungi_final000063.jpg
609,fungi_final002006.jpg
610,fungi_final002974.jpg
611,fungi_final003207.jpg
612,fungi_final001731.jpg
613,fungi_final000521.jpg
614,fungi_final001984.jpg
615,fungi_final001972.jpg
616,fungi_final002602.jpg
617,fungi_final003344.jpg
618,fungi_final002062.jpg
619,fungi_final002928.jpg
620,fungi_final001505.jpg
621,fungi_final000616.jpg
622,fungi_final000267.jpg
623,fungi_final002237.jpg
624,fungi_final002453.jpg
625,fungi_final002343.jpg
626,fungi_final000839.jpg
627,fungi_final000958.jpg
628,fungi_final000377.jpg
629,fungi_final003569.jpg
630,fungi_final002535.jpg
631,fungi_final001149.jpg
632,fungi_final001465.jpg
633,fungi_final000463.jpg
634,fungi_final000720.jpg
635,fungi_final001288.jpg
636,fungi_final001042.jpg
637,fungi_final003040.jpg
638,fungi_final002102.jpg
639,fungi_final001605.jpg
640,fungi_final000136.jpg
641,fungi_final000880.jpg
642,fungi_final002135.jpg
643,fungi_final000855.jpg
644,fungi_final002842.jpg
645,fungi_final001443.jpg
646,fungi_final003030.jpg
647,fungi_final002193.jpg
648,fungi_final002013.jpg
649,fungi_final000764.jpg
650,fungi_final003500.jpg
651,fungi_final001478.jpg
652,fungi_final002929.jpg
653,fungi_final001506.jpg
654,fungi_final000753.jpg
655,fungi_final001171.jpg
656,fungi_final001416.jpg
657,fungi_final002413.jpg
658,fungi_final000466.jpg
659,fungi_final003383.jpg
660,fungi_final000001.jpg
661,fungi_final001696.jpg
662,fungi_final003451.jpg
663,fungi_final001585.jpg
664,fungi_final001661.jpg
665,fungi_final003167.jpg
666,fungi_final003038.jpg
667,fungi_final001589.jpg
668,fungi_final002576.jpg
669,fungi_final003305.jpg
670,fungi_final002558.jpg
671,fungi_final002985.jpg
672,fungi_final001583.jpg
673,fungi_final002745.jpg
674,fungi_final003387.jpg
675,fungi_final001942.jpg
676,fungi_final001293.jpg
677,fungi_final002586.jpg
678,fungi_final003597.jpg
679,fungi_final001705.jpg
680,fungi_final002161.jpg
681,fungi_final001374.jpg
682,fungi_final002873.jpg
683,fungi_final000955.jpg
684,fungi_final001791.jpg
685,fungi_final000766.jpg
686,fungi_final002524.jpg
687,fungi_final002863.jpg
688,fungi_final000428.jpg
689,fungi_final000869.jpg
690,fungi_final003534.jpg
691,fungi_final002204.jpg
692,fungi_final000119.jpg
693,fungi_final002678.jpg
694,fungi_final002229.jpg
695,fungi_final001140.jpg
696,fungi_final003498.jpg
697,fungi_final003392.jpg
698,fungi_final000708.jpg
699,fungi_final003477.jpg
700,fungi_final001862.jpg
701,fungi_final000351.jpg
702,fungi_final001296.jpg
703,fungi_final002107.jpg
704,fungi_final002789.jpg
705,fungi_final000613.jpg
706,fungi_final001252.jpg
707,fungi_final000404.jpg
708,fungi_final000006.jpg
709,fungi_final002356.jpg
710,fungi_final002483.jpg
711,fungi_final001606.jpg
712,fungi_final002046.jpg
713,fungi_final003149.jpg
714,fungi_final001823.jpg
715,fungi_final000838.jpg
716,fungi_final002553.jpg
717,fungi_final002334.jpg
718,fungi_final001235.jpg
719,fungi_final000558.jpg
720,fungi_final002362.jpg
721,fungi_final002418.jpg
722,fungi_final000231.jpg
723,fungi_final002627.jpg
724,fungi_final001344.jpg
725,fungi_final002050.jpg
726,fungi_final000366.jpg
727,fungi_final000592.jpg
728,fungi_final003366.jpg
729,fungi_final002281.jpg
730,fungi_final003386.jpg
731,fungi_final002566.jpg
732,fungi_final000219.jpg
733,fungi_final001622.jpg
734,fungi_final000632.jpg
735,fungi_final002654.jpg
736,fungi_final001759.jpg
737,fungi_final000134.jpg
738,fungi_final000139.jpg
739,fungi_final001912.jpg
740,fungi_final000191.jpg
741,fungi_final000508.jpg
742,fungi_final000605.jpg
743,fungi_final001939.jpg
744,fungi_final000923.jpg
745,fungi_final002557.jpg
746,fungi_final003318.jpg
747,fungi_final003220.jpg
748,fungi_final002195.jpg
749,fungi_final003427.jpg
750,fungi_final002962.jpg
751,fungi_final001846.jpg
752,fungi_final001159.jpg
753,fungi_final002394.jpg
754,fungi_final002538.jpg
755,fungi_final003414.jpg
756,fungi_final001054.jpg
757,fungi_final003014.jpg
758,fungi_final002953.jpg
759,fungi_final002726.jpg
760,fungi_final001466.jpg
761,fungi_final002608.jpg
762,fungi_final001481.jpg
763,fungi_final001521.jpg
764,fungi_final003411.jpg
765,fungi_final000168.jpg
766,fungi_final001276.jpg
767,fungi_final003258.jpg
768,fungi_final000272.jpg
769,fungi_final000234.jpg
770,fungi_final003588.jpg
771,fungi_final003200.jpg
772,fungi_final002710.jpg
773,fungi_final002949.jpg
774,fungi_final000350.jpg
775,fungi_final000469.jpg
776,fungi_final000826.jpg
777,fungi_final002219.jpg
778,fungi_final001524.jpg
779,fungi_final001976.jpg
780,fungi_final001007.jpg
781,fungi_final003399.jpg
782,fungi_final003094.jpg
783,fungi_final000112.jpg
784,fungi_final002368.jpg
785,fungi_final000548.jpg
786,fungi_final000007.jpg
787,fungi_final003444.jpg
788,fungi_final002914.jpg
789,fungi_final000524.jpg
790,fungi_final003532.jpg
791,fungi_final002732.jpg
792,fungi_final000101.jpg
793,fungi_final001131.jpg
794,fungi_final001146.jpg
795,fungi_final000291.jpg
796,fungi_final002614.jpg
797,fungi_final000251.jpg
798,fungi_final001764.jpg
799,fungi_final000977.jpg
800,fungi_final001509.jpg
801,fungi_final000714.jpg
802,fungi_final002038.jpg
803,fungi_final002676.jpg
804,fungi_final000673.jpg
805,fungi_final003045.jpg
806,fungi_final002390.jpg
807,fungi_final001100.jpg
808,fungi_final002398.jpg
809,fungi_final003296.jpg
810,fungi_final002249.jpg
811,fungi_final001800.jpg
812,fungi_final000939.jpg
813,fungi_final001752.jpg
814,fungi_final000473.jpg
815,fungi_final000900.jpg
816,fungi_final002603.jpg
817,fungi_final002419.jpg
818,fungi_final003235.jpg
819,fungi_final000400.jpg
820,fungi_final003361.jpg
821,fungi_final002436.jpg
822,fungi_final002145.jpg
823,fungi_final002902.jpg
824,fungi_final002189.jpg
825,fungi_final000837.jpg
826,fungi_final002590.jpg
827,fungi_final000752.jpg
828,fungi_final002337.jpg
829,fungi_final000761.jpg
830,fungi_final000972.jpg
831,fungi_final000536.jpg
832,fungi_final003457.jpg
833,fungi_final003475.jpg
834,fungi_final000039.jpg
835,fungi_final003008.jpg
836,fungi_final000747.jpg
837,fungi_final002491.jpg
838,fungi_final002406.jpg
839,fungi_final002498.jpg
840,fungi_final002625.jpg
841,fungi_final001793.jpg
842,fungi_final000275.jpg
843,fungi_final002798.jpg
844,fungi_final003348.jpg
845,fungi_final002525.jpg
846,fungi_final000601.jpg
847,fungi_final000849.jpg
848,fungi_final002304.jpg
849,fungi_final001010.jpg
850,fungi_final000594.jpg
851,fungi_final000678.jpg
852,fungi_final001317.jpg
853,fungi_final000299.jpg
854,fungi_final003144.jpg
855,fungi_final003353.jpg
856,fungi_final003033.jpg
857,fungi_final001987.jpg
858,fungi_final003151.jpg
859,fungi_final000681.jpg
860,fungi_final001629.jpg
861,fungi_final003429.jpg
862,fungi_final001263.jpg
863,fungi_final001873.jpg
864,fungi_final002959.jpg
865,fungi_final002526.jpg
866,fungi_final000593.jpg
867,fungi_final000729.jpg
868,fungi_final003042.jpg
869,fungi_final002355.jpg
870,fungi_final001514.jpg
871,fungi_final000078.jpg
872,fungi_final001180.jpg
873,fungi_final003401.jpg
874,fungi_final001707.jpg
875,fungi_final000342.jpg
876,fungi_final000557.jpg
877,fungi_final000651.jpg
878,fungi_final001540.jpg
879,fungi_final000015.jpg
880,fungi_final000170.jpg
881,fungi_final001834.jpg
882,fungi_final001695.jpg
883,fungi_final000806.jpg
884,fungi_final000830.jpg
885,fungi_final001876.jpg
886,fungi_final001772.jpg
887,fungi_final003229.jpg
888,fungi_final001632.jpg
889,fungi_final002724.jpg
890,fungi_final001637.jpg
891,fungi_final002320.jpg
892,fungi_final000572.jpg
893,fungi_final001534.jpg
894,fungi_final000442.jpg
895,fungi_final000721.jpg
896,fungi_final000327.jpg
897,fungi_final001348.jpg
898,fungi_final002330.jpg
899,fungi_final002287.jpg
900,fungi_final000679.jpg
901,fungi_final001833.jpg
902,fungi_final001963.jpg
903,fungi_final001740.jpg
904,fungi_final002717.jpg
905,fungi_final002588.jpg
906,fungi_final000461.jpg
907,fungi_final001960.jpg
908,fungi_final003501.jpg
909,fungi_final003416.jpg
910,fungi_final003317.jpg
911,fungi_final003482.jpg
912,fungi_final003357.jpg
913,fungi_final000860.jpg
914,fungi_final000253.jpg
915,fungi_final001872.jpg
916,fungi_final001390.jpg
917,fungi_final000302.jpg
918,fungi_final001266.jpg
919,fungi_final003005.jpg
920,fungi_final000926.jpg
921,fungi_final002890.jpg
922,fungi_final001325.jpg
923,fungi_final001209.jpg
924,fungi_final003234.jpg
925,fungi_final001341.jpg
926,fungi_final003081.jpg
927,fungi_final001654.jpg
928,fungi_final000304.jpg
929,fungi_final002432.jpg
930,fungi_final003337.jpg
931,fungi_final000008.jpg
932,fungi_final000627.jpg
933,fungi_final003567.jpg
934,fungi_final003110.jpg
935,fungi_final002571.jpg
936,fungi_final002132.jpg
937,fungi_final000338.jpg
938,fungi_final001937.jpg
939,fungi_final001902.jpg
940,fungi_final000080.jpg
941,fungi_final002911.jpg
942,fungi_final001973.jpg
943,fungi_final002254.jpg
944,fungi_final001461.jpg
945,fungi_final001781.jpg
946,fungi_final002696.jpg
947,fungi_final001682.jpg
948,fungi_final002860.jpg
949,fungi_final001827.jpg
950,fungi_final003243.jpg
951,fungi_final002166.jpg
952,fungi_final002661.jpg
953,fungi_final003417.jpg
954,fungi_final003090.jpg
955,fungi_final001136.jpg
956,fungi_final000828.jpg
957,fungi_final000854.jpg
958,fungi_final002091.jpg
959,fungi_final002529.jpg
960,fungi_final000639.jpg
961,fungi_final002019.jpg
962,fungi_final003263.jpg
963,fungi_final000135.jpg
964,fungi_final000922.jpg
965,fungi_final002363.jpg
966,fungi_final003283.jpg
967,fungi_final001751.jpg
968,fungi_final002723.jpg
969,fungi_final000303.jpg
970,fungi_final003265.jpg
971,fungi_final001367.jpg
972,fungi_final002778.jpg
973,fungi_final000745.jpg
974,fungi_final000491.jpg
975,fungi_final002077.jpg
976,fungi_final000822.jpg
977,fungi_final002705.jpg
978,fungi_final001401.jpg
979,fungi_final001426.jpg
980,fungi_final001813.jpg
981,fungi_final001199.jpg
982,fungi_final000621.jpg
983,fungi_final002932.jpg
984,fungi_final001656.jpg
985,fungi_final001108.jpg
986,fungi_final002850.jpg
987,fungi_final000746.jpg
988,fungi_final001463.jpg
989,fungi_final002651.jpg
990,fungi_final002828.jpg
991,fungi_final000208.jpg
992,fungi_final001105.jpg
993,fungi_final003161.jpg
994,fungi_final002731.jpg
995,fungi_final000143.jpg
996,fungi_final001342.jpg
997,fungi_final000149.jpg
998,fungi_final000511.jpg
999,fungi_final000188.jpg
1000,fungi_final003104.jpg
1001,fungi_final002247.jpg
1002,fungi_final000256.jpg
1003,fungi_final002682.jpg
1004,fungi_final001786.jpg
1005,fungi_final000492.jpg
1006,fungi_final003198.jpg
1007,fungi_final003334.jpg
1008,fungi_final002577.jpg
1009,fungi_final000100.jpg
1010,fungi_final002875.jpg
1011,fungi_final002424.jpg
1012,fungi_final003140.jpg
1013,fungi_final000182.jpg
1014,fungi_final001857.jpg
1015,fungi_final001491.jpg
1016,fungi_final002664.jpg
1017,fungi_final000199.jpg
1018,fungi_final001306.jpg
1019,fungi_final001216.jpg
1020,fungi_final003069.jpg
1021,fungi_final002451.jpg
1022,fungi_final003455.jpg
1023,fungi_final001278.jpg
1024,fungi_final000207.jpg
1025,fungi_final002243.jpg
1026,fungi_final000308.jpg
1027,fungi_final002574.jpg
1028,fungi_final003029.jpg
1029,fungi_final003374.jpg
1030,fungi_final001815.jpg
1031,fungi_final000280.jpg
1032,fungi_final002690.jpg
1033,fungi_final002311.jpg
1034,fungi_final002786.jpg
1035,fungi_final002882.jpg
1036,fungi_final001119.jpg
1037,fungi_final001538.jpg
1038,fungi_final001442.jpg
1039,fungi_final001750.jpg
1040,fungi_final000932.jpg
1041,fungi_final000808.jpg
1042,fungi_final000215.jpg
1043,fungi_final000608.jpg
1044,fungi_final002844.jpg
1045,fungi_final002975.jpg
1046,fungi_final000506.jpg
1047,fungi_final003303.jpg
1048,fungi_final000209.jpg
1049,fungi_final002007.jpg
1050,fungi_final001472.jpg
1051,fungi_final002893.jpg
1052,fungi_final002149.jpg
1053,fungi_final002130.jpg
1054,fungi_final001798.jpg
1055,fungi_final001544.jpg
1056,fungi_final000945.jpg
1057,fungi_final002114.jpg
1058,fungi_final002857.jpg
1059,fungi_final001166.jpg
1060,fungi_final001448.jpg
1061,fungi_final000710.jpg
1062,fungi_final002896.jpg
1063,fungi_final000889.jpg
1064,fungi_final000554.jpg
1065,fungi_final001413.jpg
1066,fungi_final001549.jpg
1067,fungi_final002481.jpg
1068,fungi_final000406.jpg
1069,fungi_final003292.jpg
1070,fungi_final000626.jpg
1071,fungi_final000896.jpg
1072,fungi_final003010.jpg
1073,fungi_final002049.jpg
1074,fungi_final002350.jpg
1075,fungi_final000129.jpg
1076,fungi_final001528.jpg
1077,fungi_final002613.jpg
1078,fungi_final000047.jpg
1079,fungi_final000676.jpg
1080,fungi_final001836.jpg
1081,fungi_final000960.jpg
1082,fungi_final001493.jpg
1083,fungi_final000571.jpg
1084,fungi_final001029.jpg
1085,fungi_final001045.jpg
1086,fungi_final001467.jpg
1087,fungi_final002547.jpg
1088,fungi_final000598.jpg
1089,fungi_final002777.jpg
1090,fungi_final001050.jpg
1091,fungi_final002047.jpg
1092,fungi_final000886.jpg
1093,fungi_final000433.jpg
1094,fungi_final002569.jpg
1095,fungi_final002604.jpg
1096,fungi_final002072.jpg
1097,fungi_final002503.jpg
1098,fungi_final001245.jpg
1099,fungi_final002821.jpg
1100,fungi_final002194.jpg
1101,fungi_final002231.jpg
1102,fungi_final002375.jpg
1103,fungi_final003528.jpg
1104,fungi_final000316.jpg
1105,fungi_final003354.jpg
1106,fungi_final003384.jpg
1107,fungi_final000952.jpg
1108,fungi_final003079.jpg
1109,fungi_final000248.jpg
1110,fungi_final000999.jpg
1111,fungi_final000128.jpg
1112,fungi_final002289.jpg
1113,fungi_final003326.jpg
1114,fungi_final003568.jpg
1115,fungi_final001205.jpg
1116,fungi_final001745.jpg
1117,fungi_final003562.jpg
1118,fungi_final001940.jpg
1119,fungi_final000292.jpg
1120,fungi_final001368.jpg
1121,fungi_final002471.jpg
1122,fungi_final001508.jpg
1123,fungi_final003169.jpg
1124,fungi_final002600.jpg
1125,fungi_final002913.jpg
1126,fungi_final001438.jpg
1127,fungi_final001240.jpg
1128,fungi_final001340.jpg
1129,fungi_final003382.jpg
1130,fungi_final000844.jpg
1131,fungi_final001201.jpg
1132,fungi_final002388.jpg
1133,fungi_final000674.jpg
1134,fungi_final003546.jpg
1135,fungi_final001088.jpg
1136,fungi_final002405.jpg
1137,fungi_final000827.jpg
1138,fungi_final000228.jpg
1139,fungi_final001343.jpg
1140,fungi_final000799.jpg
1141,fungi_final001070.jpg
1142,fungi_final000980.jpg
1143,fungi_final002163.jpg
1144,fungi_final002950.jpg
1145,fungi_final002029.jpg
1146,fungi_final001909.jpg
1147,fungi_final001106.jpg
1148,fungi_final000301.jpg
1149,fungi_final001934.jpg
1150,fungi_final000577.jpg
1151,fungi_final003001.jpg
1152,fungi_final002607.jpg
1153,fungi_final000011.jpg
1154,fungi_final001990.jpg
1155,fungi_final002068.jpg
1156,fungi_final001236.jpg
1157,fungi_final000644.jpg
1158,fungi_final002443.jpg
1159,fungi_final001355.jpg
1160,fungi_final000009.jpg
1161,fungi_final002951.jpg
1162,fungi_final002495.jpg
1163,fungi_final003147.jpg
1164,fungi_final002904.jpg
1165,fungi_final001473.jpg
1166,fungi_final002758.jpg
1167,fungi_final002032.jpg
1168,fungi_final001527.jpg
1169,fungi_final002319.jpg
1170,fungi_final000413.jpg
1171,fungi_final003221.jpg
1172,fungi_final000686.jpg
1173,fungi_final002197.jpg
1174,fungi_final002294.jpg
1175,fungi_final000347.jpg
1176,fungi_final002737.jpg
1177,fungi_final001954.jpg
1178,fungi_final003491.jpg
1179,fungi_final000083.jpg
1180,fungi_final003225.jpg
1181,fungi_final002426.jpg
1182,fungi_final002252.jpg
1183,fungi_final002075.jpg
1184,fungi_final001769.jpg
1185,fungi_final001269.jpg
1186,fungi_final003474.jpg
1187,fungi_final001517.jpg
1188,fungi_final000371.jpg
1189,fungi_final001831.jpg
1190,fungi_final001797.jpg
1191,fungi_final003476.jpg
1192,fungi_final001779.jpg
1193,fungi_final002930.jpg
1194,fungi_final002740.jpg
1195,fungi_final000805.jpg
1196,fungi_final000343.jpg
1197,fungi_final002440.jpg
1198,fungi_final000334.jpg
1199,fungi_final002381.jpg
1200,fungi_final001080.jpg
1201,fungi_final001483.jpg
1202,fungi_final000346.jpg
1203,fungi_final003505.jpg
1204,fungi_final002977.jpg
1205,fungi_final000742.jpg
1206,fungi_final001315.jpg
1207,fungi_final001298.jpg
1208,fungi_final003052.jpg
1209,fungi_final001268.jpg
1210,fungi_final002846.jpg
1211,fungi_final001174.jpg
1212,fungi_final002188.jpg
1213,fungi_final001551.jpg
1214,fungi_final001260.jpg
1215,fungi_final002105.jpg
1216,fungi_final002271.jpg
1217,fungi_final002568.jpg
1218,fungi_final000203.jpg
1219,fungi_final002185.jpg
1220,fungi_final000702.jpg
1221,fungi_final000287.jpg
1222,fungi_final002036.jpg
1223,fungi_final000890.jpg
1224,fungi_final003085.jpg
1225,fungi_final002582.jpg
1226,fungi_final002783.jpg
1227,fungi_final000124.jpg
1228,fungi_final002462.jpg
1229,fungi_final000014.jpg
1230,fungi_final003311.jpg
1231,fungi_final002800.jpg
1232,fungi_final000840.jpg
1233,fungi_final000884.jpg
1234,fungi_final001101.jpg
1235,fungi_final001294.jpg
1236,fungi_final003145.jpg
1237,fungi_final000969.jpg
1238,fungi_final002417.jpg
1239,fungi_final000842.jpg
1240,fungi_final001881.jpg
1241,fungi_final001012.jpg
1242,fungi_final001039.jpg
1243,fungi_final003158.jpg
1244,fungi_final001892.jpg
1245,fungi_final002509.jpg
1246,fungi_final001357.jpg
1247,fungi_final000456.jpg
1248,fungi_final000040.jpg
1249,fungi_final002905.jpg
1250,fungi_final000240.jpg
1251,fungi_final001121.jpg
1252,fungi_final001074.jpg
1253,fungi_final000310.jpg
1254,fungi_final001406.jpg
1255,fungi_final001037.jpg
1256,fungi_final001922.jpg
1257,fungi_final001230.jpg
1258,fungi_final002379.jpg
1259,fungi_final002365.jpg
1260,fungi_final001635.jpg
1261,fungi_final000983.jpg
1262,fungi_final000263.jpg
1263,fungi_final001173.jpg
1264,fungi_final001154.jpg
1265,fungi_final001988.jpg
1266,fungi_final002652.jpg
1267,fungi_final001729.jpg
1268,fungi_final000279.jpg
1269,fungi_final003456.jpg
1270,fungi_final002131.jpg
1271,fungi_final001590.jpg
1272,fungi_final002897.jpg
1273,fungi_final002411.jpg
1274,fungi_final001684.jpg
1275,fungi_final001464.jpg
1276,fungi_final003152.jpg
1277,fungi_final002266.jpg
1278,fungi_final001980.jpg
1279,fungi_final000668.jpg
1280,fungi_final001572.jpg
1281,fungi_final000585.jpg
1282,fungi_final003580.jpg
1283,fungi_final003394.jpg
1284,fungi_final000848.jpg
1285,fungi_final000318.jpg
1286,fungi_final003112.jpg
1287,fungi_final002862.jpg
1288,fungi_final000895.jpg
1289,fungi_final001176.jpg
1290,fungi_final001773.jpg
1291,fungi_final000127.jpg
1292,fungi_final002803.jpg
1293,fungi_final002284.jpg
1294,fungi_final001028.jpg
1295,fungi_final001554.jpg
1296,fungi_final000073.jpg
1297,fungi_final001820.jpg
1298,fungi_final002318.jpg
1299,fungi_final000546.jpg
1300,fungi_final000888.jpg
1301,fungi_final002769.jpg
1302,fungi_final002712.jpg
1303,fungi_final003271.jpg
1304,fungi_final000325.jpg
1305,fungi_final000684.jpg
1306,fungi_final001647.jpg
1307,fungi_final000238.jpg
1308,fungi_final003228.jpg
1309,fungi_final001556.jpg
1310,fungi_final002653.jpg
1311,fungi_final001433.jpg
1312,fungi_final003377.jpg
1313,fungi_final000643.jpg
1314,fungi_final001522.jpg
1315,fungi_final003262.jpg
1316,fungi_final002779.jpg
1317,fungi_final002496.jpg
1318,fungi_final000824.jpg
1319,fungi_final002420.jpg
1320,fungi_final001113.jpg
1321,fungi_final001114.jpg
1322,fungi_final002537.jpg
1323,fungi_final001144.jpg
1324,fungi_final001900.jpg
1325,fungi_final002854.jpg
1326,fungi_final000148.jpg
1327,fungi_final000294.jpg
1328,fungi_final002906.jpg
1329,fungi_final002151.jpg
1330,fungi_final000973.jpg
1331,fungi_final000391.jpg
1332,fungi_final002165.jpg
1333,fungi_final003122.jpg
1334,fungi_final001742.jpg
1335,fungi_final000934.jpg
1336,fungi_final001569.jpg
1337,fungi_final001821.jpg
1338,fungi_final003157.jpg
1339,fungi_final002141.jpg
1340,fungi_final001856.jpg
1341,fungi_final003462.jpg
1342,fungi_final000365.jpg
1343,fungi_final002878.jpg
1344,fungi_final000293.jpg
1345,fungi_final001057.jpg
1346,fungi_final001492.jpg
1347,fungi_final002583.jpg
1348,fungi_final003053.jpg
1349,fungi_final003166.jpg
1350,fungi_final000791.jpg
1351,fungi_final001366.jpg
1352,fungi_final001059.jpg
1353,fungi_final001871.jpg
1354,fungi_final003506.jpg
1355,fungi_final003126.jpg
1356,fungi_final001003.jpg
1357,fungi_final000587.jpg
1358,fungi_final000749.jpg
1359,fungi_final000727.jpg
1360,fungi_final001929.jpg
1361,fungi_final003037.jpg
1362,fungi_final001698.jpg
1363,fungi_final003128.jpg
1364,fungi_final000881.jpg
1365,fungi_final003120.jpg
1366,fungi_final002069.jpg
1367,fungi_final000368.jpg
1368,fungi_final000660.jpg
1369,fungi_final003209.jpg
1370,fungi_final000762.jpg
1371,fungi_final003212.jpg
1372,fungi_final000271.jpg
1373,fungi_final000904.jpg
1374,fungi_final002978.jpg
1375,fungi_final003503.jpg
1376,fungi_final002736.jpg
1377,fungi_final000765.jpg
1378,fungi_final000297.jpg
1379,fungi_final003062.jpg
1380,fungi_final002012.jpg
1381,fungi_final001360.jpg
1382,fungi_final003355.jpg
1383,fungi_final002744.jpg
1384,fungi_final000949.jpg
1385,fungi_final001725.jpg
1386,fungi_final003542.jpg
1387,fungi_final002864.jpg
1388,fungi_final003065.jpg
1389,fungi_final002373.jpg
1390,fungi_final000970.jpg
1391,fungi_final001930.jpg
1392,fungi_final000158.jpg
1393,fungi_final000610.jpg
1394,fungi_final000988.jpg
1395,fungi_final001917.jpg
1396,fungi_final000796.jpg
1397,fungi_final002867.jpg
1398,fungi_final002946.jpg
1399,fungi_final003389.jpg
1400,fungi_final001258.jpg
1401,fungi_final001697.jpg
1402,fungi_final002747.jpg
1403,fungi_final001633.jpg
1404,fungi_final000758.jpg
1405,fungi_final003537.jpg
1406,fungi_final001577.jpg
1407,fungi_final002916.jpg
1408,fungi_final001595.jpg
1409,fungi_final000530.jpg
1410,fungi_final002293.jpg
1411,fungi_final000732.jpg
1412,fungi_final003406.jpg
1413,fungi_final003295.jpg
1414,fungi_final001721.jpg
1415,fungi_final000861.jpg
1416,fungi_final002269.jpg
1417,fungi_final002003.jpg
1418,fungi_final001352.jpg
1419,fungi_final001122.jpg
1420,fungi_final003270.jpg
1421,fungi_final002686.jpg
1422,fungi_final000689.jpg
1423,fungi_final002507.jpg
1424,fungi_final000402.jpg
1425,fungi_final001965.jpg
1426,fungi_final002026.jpg
1427,fungi_final002088.jpg
1428,fungi_final001004.jpg
1429,fungi_final000118.jpg
1430,fungi_final003319.jpg
1431,fungi_final001295.jpg
1432,fungi_final003440.jpg
1433,fungi_final003489.jpg
1434,fungi_final001689.jpg
1435,fungi_final000044.jpg
1436,fungi_final002429.jpg
1437,fungi_final003551.jpg
1438,fungi_final000278.jpg
1439,fungi_final000034.jpg
1440,fungi_final000330.jpg
1441,fungi_final002543.jpg
1442,fungi_final002270.jpg
1443,fungi_final001950.jpg
1444,fungi_final000810.jpg
1445,fungi_final001670.jpg
1446,fungi_final000821.jpg
1447,fungi_final003191.jpg
1448,fungi_final000691.jpg
1449,fungi_final001196.jpg
1450,fungi_final002221.jpg
1451,fungi_final001211.jpg
1452,fungi_final001008.jpg
1453,fungi_final003093.jpg
1454,fungi_final002472.jpg
1455,fungi_final002378.jpg
1456,fungi_final000845.jpg
1457,fungi_final000481.jpg
1458,fungi_final002209.jpg
1459,fungi_final002103.jpg
1460,fungi_final002619.jpg
1461,fungi_final002364.jpg
1462,fungi_final002792.jpg
1463,fungi_final000023.jpg
1464,fungi_final003508.jpg
1465,fungi_final000282.jpg
1466,fungi_final002743.jpg
1467,fungi_final001694.jpg
1468,fungi_final002665.jpg
1469,fungi_final002239.jpg
1470,fungi_final001765.jpg
1471,fungi_final001083.jpg
1472,fungi_final003413.jpg
1473,fungi_final000157.jpg
1474,fungi_final000755.jpg
1475,fungi_final001316.jpg
1476,fungi_final002995.jpg
1477,fungi_final002725.jpg
1478,fungi_final003312.jpg
1479,fungi_final002598.jpg
1480,fungi_final002841.jpg
1481,fungi_final002849.jpg
1482,fungi_final001592.jpg
1483,fungi_final002253.jpg
1484,fungi_final001477.jpg
1485,fungi_final001351.jpg
1486,fungi_final001587.jpg
1487,fungi_final000654.jpg
1488,fungi_final002832.jpg
1489,fungi_final003431.jpg
1490,fungi_final000057.jpg
1491,fungi_final003051.jpg
1492,fungi_final003404.jpg
1493,fungi_final001584.jpg
1494,fungi_final001611.jpg
1495,fungi_final000105.jpg
1496,fungi_final000793.jpg
1497,fungi_final001107.jpg
1498,fungi_final001394.jpg
1499,fungi_final002212.jpg
1500,fungi_final002117.jpg
1501,fungi_final002134.jpg
1502,fungi_final003490.jpg
1503,fungi_final003450.jpg
1504,fungi_final001867.jpg
1505,fungi_final003388.jpg
1506,fungi_final003044.jpg
1507,fungi_final002112.jpg
1508,fungi_final000650.jpg
1509,fungi_final003135.jpg
1510,fungi_final002700.jpg
1511,fungi_final002958.jpg
1512,fungi_final000176.jpg
1513,fungi_final000487.jpg
1514,fungi_final003434.jpg
1515,fungi_final000458.jpg
1516,fungi_final001232.jpg
1517,fungi_final002303.jpg
1518,fungi_final001152.jpg
1519,fungi_final003179.jpg
1520,fungi_final001169.jpg
1521,fungi_final000020.jpg
1522,fungi_final001456.jpg
1523,fungi_final000114.jpg
1524,fungi_final000961.jpg
1525,fungi_final000445.jpg
1526,fungi_final002657.jpg
1527,fungi_final001346.jpg
1528,fungi_final000333.jpg
1529,fungi_final003403.jpg
1530,fungi_final002327.jpg
1531,fungi_final001699.jpg
1532,fungi_final002055.jpg
1533,fungi_final003436.jpg
1534,fungi_final001512.jpg
1535,fungi_final001887.jpg
1536,fungi_final001084.jpg
1537,fungi_final001227.jpg
1538,fungi_final002110.jpg
1539,fungi_final000033.jpg
1540,fungi_final003241.jpg
1541,fungi_final001280.jpg
1542,fungi_final002827.jpg
1543,fungi_final003507.jpg
1544,fungi_final001778.jpg
1545,fungi_final002092.jpg
1546,fungi_final002477.jpg
1547,fungi_final002960.jpg
1548,fungi_final000104.jpg
1549,fungi_final002153.jpg
1550,fungi_final001274.jpg
1551,fungi_final002048.jpg
1552,fungi_final002518.jpg
1553,fungi_final001598.jpg
1554,fungi_final000850.jpg
1555,fungi_final000394.jpg
1556,fungi_final002431.jpg
1557,fungi_final000944.jpg
1558,fungi_final002063.jpg
1559,fungi_final000948.jpg
1560,fungi_final000696.jpg
1561,fungi_final001480.jpg
1562,fungi_final000545.jpg
1563,fungi_final001445.jpg
1564,fungi_final000392.jpg
1565,fungi_final002788.jpg
1566,fungi_final002670.jpg
1567,fungi_final000547.jpg
1568,fungi_final001911.jpg
1569,fungi_final002996.jpg
1570,fungi_final002156.jpg
1571,fungi_final002401.jpg
1572,fungi_final001285.jpg
1573,fungi_final001373.jpg
1574,fungi_final000563.jpg
1575,fungi_final002847.jpg
1576,fungi_final002900.jpg
1577,fungi_final000656.jpg
1578,fungi_final001356.jpg
1579,fungi_final002108.jpg
1580,fungi_final003247.jpg
1581,fungi_final003278.jpg
1582,fungi_final000397.jpg
1583,fungi_final003586.jpg
1584,fungi_final001330.jpg
1585,fungi_final003032.jpg
1586,fungi_final002324.jpg
1587,fungi_final003109.jpg
1588,fungi_final000192.jpg
1589,fungi_final002225.jpg
1590,fungi_final003020.jpg
1591,fungi_final002369.jpg
1592,fungi_final002970.jpg
1593,fungi_final003327.jpg
1594,fungi_final000531.jpg
1595,fungi_final000562.jpg
1596,fungi_final001005.jpg
1597,fungi_final002292.jpg
1598,fungi_final000744.jpg
1599,fungi_final003336.jpg
1600,fungi_final001170.jpg
1601,fungi_final003264.jpg
1602,fungi_final002742.jpg
1603,fungi_final003102.jpg
1604,fungi_final003493.jpg
1605,fungi_final001097.jpg
1606,fungi_final002470.jpg
1607,fungi_final001208.jpg
1608,fungi_final003432.jpg
1609,fungi_final001803.jpg
1610,fungi_final002502.jpg
1611,fungi_final001411.jpg
1612,fungi_final000920.jpg
1613,fungi_final001033.jpg
1614,fungi_final002626.jpg
1615,fungi_final002316.jpg
1616,fungi_final001916.jpg
1617,fungi_final001993.jpg
1618,fungi_final001425.jpg
1619,fungi_final001787.jpg
1620,fungi_final000537.jpg
1621,fungi_final002564.jpg
1622,fungi_final000335.jpg
1623,fungi_final000816.jpg
1624,fungi_final000319.jpg
1625,fungi_final000505.jpg
1626,fungi_final002795.jpg
1627,fungi_final000264.jpg
1628,fungi_final002809.jpg
1629,fungi_final002216.jpg
1630,fungi_final002612.jpg
1631,fungi_final001065.jpg
1632,fungi_final001076.jpg
1633,fungi_final003495.jpg
1634,fungi_final003236.jpg
1635,fungi_final001860.jpg
1636,fungi_final003260.jpg
1637,fungi_final002729.jpg
1638,fungi_final000962.jpg
1639,fungi_final001715.jpg
1640,fungi_final000340.jpg
1641,fungi_final000455.jpg
1642,fungi_final003492.jpg
1643,fungi_final002307.jpg
1644,fungi_final002014.jpg
1645,fungi_final000434.jpg
1646,fungi_final002791.jpg
1647,fungi_final002643.jpg
1648,fungi_final000775.jpg
1649,fungi_final001157.jpg
1650,fungi_final000862.jpg
1651,fungi_final000126.jpg
1652,fungi_final002517.jpg
1653,fungi_final001175.jpg
1654,fungi_final003009.jpg
1655,fungi_final001436.jpg
1656,fungi_final003248.jpg
1657,fungi_final000349.jpg
1658,fungi_final002380.jpg
1659,fungi_final002329.jpg
1660,fungi_final000132.jpg
1661,fungi_final002784.jpg
1662,fungi_final001816.jpg
1663,fungi_final000974.jpg
1664,fungi_final001718.jpg
1665,fungi_final001648.jpg
1666,fungi_final001991.jpg
1667,fungi_final002720.jpg
1668,fungi_final001410.jpg
1669,fungi_final000086.jpg
1670,fungi_final001109.jpg
1671,fungi_final000503.jpg
1672,fungi_final002874.jpg
1673,fungi_final000004.jpg
1674,fungi_final001518.jpg
1675,fungi_final001242.jpg
1676,fungi_final001148.jpg
1677,fungi_final000556.jpg
1678,fungi_final001761.jpg
1679,fungi_final000423.jpg
1680,fungi_final001746.jpg
1681,fungi_final001763.jpg
1682,fungi_final000438.jpg
1683,fungi_final002093.jpg
1684,fungi_final003083.jpg
1685,fungi_final000925.jpg
1686,fungi_final000155.jpg
1687,fungi_final002601.jpg
1688,fungi_final000003.jpg
1689,fungi_final001407.jpg
1690,fungi_final002879.jpg
1691,fungi_final000812.jpg
1692,fungi_final000784.jpg
1693,fungi_final001027.jpg
1694,fungi_final002441.jpg
1695,fungi_final003184.jpg
1696,fungi_final001941.jpg
1697,fungi_final002512.jpg
1698,fungi_final002892.jpg
1699,fungi_final002396.jpg
1700,fungi_final001399.jpg
1701,fungi_final000661.jpg
1702,fungi_final000497.jpg
1703,fungi_final002305.jpg
1704,fungi_final001062.jpg
1705,fungi_final002422.jpg
1706,fungi_final003558.jpg
1707,fungi_final003203.jpg
1708,fungi_final001658.jpg
1709,fungi_final001995.jpg
1710,fungi_final003046.jpg
1711,fungi_final001271.jpg
1712,fungi_final003531.jpg
1713,fungi_final000523.jpg
1714,fungi_final001047.jpg
1715,fungi_final000820.jpg
1716,fungi_final000424.jpg
1717,fungi_final001967.jpg
1718,fungi_final000836.jpg
1719,fungi_final000898.jpg
1720,fungi_final001927.jpg
1721,fungi_final002463.jpg
1722,fungi_final000465.jpg
1723,fungi_final002267.jpg
1724,fungi_final001819.jpg
1725,fungi_final002154.jpg
1726,fungi_final002371.jpg
1727,fungi_final002757.jpg
1728,fungi_final002226.jpg
1729,fungi_final001056.jpg
1730,fungi_final002514.jpg
1731,fungi_final002263.jpg
1732,fungi_final002053.jpg
1733,fungi_final001409.jpg
1734,fungi_final001979.jpg
1735,fungi_final000738.jpg
1736,fungi_final000985.jpg
1737,fungi_final000430.jpg
1738,fungi_final000856.jpg
1739,fungi_final002458.jpg
1740,fungi_final002257.jpg
1741,fungi_final002888.jpg
1742,fungi_final000484.jpg
1743,fungi_final001720.jpg
1744,fungi_final002636.jpg
1745,fungi_final002399.jpg
1746,fungi_final003372.jpg
1747,fungi_final000389.jpg
1748,fungi_final000242.jpg
1749,fungi_final003570.jpg
1750,fungi_final000038.jpg
1751,fungi_final001408.jpg
1752,fungi_final003540.jpg
1753,fungi_final002826.jpg
1754,fungi_final002138.jpg
1755,fungi_final001289.jpg
1756,fungi_final001523.jpg
1757,fungi_final000990.jpg
1758,fungi_final001451.jpg
1759,fungi_final000757.jpg
1760,fungi_final003598.jpg
1761,fungi_final002344.jpg
1762,fungi_final003181.jpg
1763,fungi_final003172.jpg
1764,fungi_final000109.jpg
1765,fungi_final001380.jpg
1766,fungi_final002179.jpg
1767,fungi_final000617.jpg
1768,fungi_final001573.jpg
1769,fungi_final002662.jpg
1770,fungi_final001708.jpg
1771,fungi_final001597.jpg
1772,fungi_final001537.jpg
1773,fungi_final001167.jpg
1774,fungi_final001143.jpg
1775,fungi_final002918.jpg
1776,fungi_final002671.jpg
1777,fungi_final000352.jpg
1778,fungi_final002578.jpg
1779,fungi_final002836.jpg
1780,fungi_final003465.jpg
1781,fungi_final001432.jpg
1782,fungi_final002805.jpg
1783,fungi_final000042.jpg
1784,fungi_final002090.jpg
1785,fungi_final000583.jpg
1786,fungi_final002908.jpg
1787,fungi_final001636.jpg
1788,fungi_final001571.jpg
1789,fungi_final002565.jpg
1790,fungi_final001838.jpg
1791,fungi_final001026.jpg
1792,fungi_final000108.jpg
1793,fungi_final000588.jpg
1794,fungi_final001142.jpg
1795,fungi_final001197.jpg
1796,fungi_final000436.jpg
1797,fungi_final003133.jpg
1798,fungi_final003339.jpg
1799,fungi_final001052.jpg
1800,fungi_final002258.jpg
1801,fungi_final000232.jpg
1802,fungi_final000533.jpg
1803,fungi_final001184.jpg
1804,fungi_final000777.jpg
1805,fungi_final001331.jpg
1806,fungi_final001405.jpg
1807,fungi_final002332.jpg
1808,fungi_final001620.jpg
1809,fungi_final000066.jpg
1810,fungi_final001771.jpg
1811,fungi_final003058.jpg
1812,fungi_final001127.jpg
1813,fungi_final000858.jpg
1814,fungi_final000117.jpg
1815,fungi_final001932.jpg
1816,fungi_final003156.jpg
1817,fungi_final001811.jpg
1818,fungi_final001484.jpg
1819,fungi_final001452.jpg
1820,fungi_final002255.jpg
1821,fungi_final002942.jpg
1822,fungi_final000694.jpg
1823,fungi_final003246.jpg
1824,fungi_final001982.jpg
1825,fungi_final003487.jpg
1826,fungi_final002178.jpg
1827,fungi_final001734.jpg
1828,fungi_final000876.jpg
1829,fungi_final001646.jpg
1830,fungi_final000623.jpg
1831,fungi_final000190.jpg
1832,fungi_final001614.jpg
1833,fungi_final000642.jpg
1834,fungi_final002886.jpg
1835,fungi_final002663.jpg
1836,fungi_final003077.jpg
1837,fungi_final003015.jpg
1838,fungi_final001110.jpg
1839,fungi_final001255.jpg
1840,fungi_final002813.jpg
1841,fungi_final002546.jpg
1842,fungi_final001608.jpg
1843,fungi_final001022.jpg
1844,fungi_final002754.jpg
1845,fungi_final001744.jpg
1846,fungi_final000561.jpg
1847,fungi_final003218.jpg
1848,fungi_final000431.jpg
1849,fungi_final001961.jpg
1850,fungi_final002367.jpg
1851,fungi_final002465.jpg
1852,fungi_final003174.jpg
1853,fungi_final001051.jpg
1854,fungi_final002159.jpg
1855,fungi_final001642.jpg
1856,fungi_final000706.jpg
1857,fungi_final002555.jpg
1858,fungi_final002649.jpg
1859,fungi_final003186.jpg
1860,fungi_final003097.jpg
1861,fungi_final001618.jpg
1862,fungi_final000954.jpg
1863,fungi_final002699.jpg
1864,fungi_final001542.jpg
1865,fungi_final003576.jpg
1866,fungi_final002658.jpg
1867,fungi_final003363.jpg
1868,fungi_final003380.jpg
1869,fungi_final001389.jpg
1870,fungi_final001120.jpg
1871,fungi_final000317.jpg
1872,fungi_final002349.jpg
1873,fungi_final001626.jpg
1874,fungi_final000421.jpg
1875,fungi_final001686.jpg
1876,fungi_final000164.jpg
1877,fungi_final002172.jpg
1878,fungi_final000682.jpg
1879,fungi_final003162.jpg
1880,fungi_final001155.jpg
1881,fungi_final001565.jpg
1882,fungi_final000370.jpg
1883,fungi_final003426.jpg
1884,fungi_final002040.jpg
1885,fungi_final003581.jpg
1886,fungi_final000736.jpg
1887,fungi_final002187.jpg
1888,fungi_final002309.jpg
1889,fungi_final002031.jpg
1890,fungi_final002713.jpg
1891,fungi_final003438.jpg
1892,fungi_final003160.jpg
1893,fungi_final000737.jpg
1894,fungi_final001631.jpg
1895,fungi_final002433.jpg
1896,fungi_final000690.jpg
1897,fungi_final001690.jpg
1898,fungi_final002325.jpg
1899,fungi_final002346.jpg
1900,fungi_final001038.jpg
1901,fungi_final001095.jpg
1902,fungi_final000783.jpg
1903,fungi_final000085.jpg
1904,fungi_final000910.jpg
1905,fungi_final000407.jpg
1906,fungi_final000804.jpg
1907,fungi_final002963.jpg
1908,fungi_final001214.jpg
1909,fungi_final001055.jpg
1910,fungi_final002115.jpg
1911,fungi_final002969.jpg
1912,fungi_final002883.jpg
1913,fungi_final002315.jpg
1914,fungi_final000403.jpg
1915,fungi_final000144.jpg
1916,fungi_final001063.jpg
1917,fungi_final000364.jpg
1918,fungi_final003139.jpg
1919,fungi_final002504.jpg
1920,fungi_final002685.jpg
1921,fungi_final001603.jpg
1922,fungi_final002728.jpg
1923,fungi_final001533.jpg
1924,fungi_final002933.jpg
1925,fungi_final001753.jpg
1926,fungi_final002925.jpg
1927,fungi_final003007.jpg
1928,fungi_final000277.jpg
1929,fungi_final003041.jpg
1930,fungi_final001314.jpg
1931,fungi_final000882.jpg
1932,fungi_final001807.jpg
1933,fungi_final003217.jpg
1934,fungi_final003545.jpg
1935,fungi_final001758.jpg
1936,fungi_final002567.jpg
1937,fungi_final002213.jpg
1938,fungi_final000532.jpg
1939,fungi_final003023.jpg
1940,fungi_final002002.jpg
1941,fungi_final003522.jpg
1942,fungi_final001031.jpg
1943,fungi_final003335.jpg
1944,fungi_final000384.jpg
1945,fungi_final001104.jpg
1946,fungi_final003173.jpg
1947,fungi_final003277.jpg
1948,fungi_final001822.jpg
1949,fungi_final000992.jpg
1950,fungi_final001279.jpg
1951,fungi_final001320.jpg
1952,fungi_final000657.jpg
1953,fungi_final002829.jpg
1954,fungi_final000697.jpg
1955,fungi_final000051.jpg
1956,fungi_final003517.jpg
1957,fungi_final003402.jpg
1958,fungi_final000570.jpg
1959,fungi_final000665.jpg
1960,fungi_final000307.jpg
1961,fungi_final001270.jpg
1962,fungi_final000175.jpg
1963,fungi_final002972.jpg
1964,fungi_final002562.jpg
1965,fungi_final003396.jpg
1966,fungi_final002756.jpg
1967,fungi_final002780.jpg
1968,fungi_final002345.jpg
1969,fungi_final002259.jpg
1970,fungi_final000032.jpg
1971,fungi_final000801.jpg
1972,fungi_final002976.jpg
1973,fungi_final002272.jpg
1974,fungi_final002389.jpg
1975,fungi_final000823.jpg
1976,fungi_final002295.jpg
1977,fungi_final001986.jpg
1978,fungi_final002701.jpg
1979,fungi_final001535.jpg
1980,fungi_final002851.jpg
1981,fungi_final002681.jpg
1982,fungi_final001829.jpg
1983,fungi_final002064.jpg
1984,fungi_final000021.jpg
1985,fungi_final000276.jpg
1986,fungi_final001309.jpg
1987,fungi_final000336.jpg
1988,fungi_final000921.jpg
1989,fungi_final003573.jpg
1990,fungi_final000498.jpg
1991,fungi_final000331.jpg
1992,fungi_final003222.jpg
1993,fungi_final002191.jpg
1994,fungi_final002881.jpg
1995,fungi_final000381.jpg
1996,fungi_final002121.jpg
1997,fungi_final000227.jpg
1998,fungi_final002280.jpg
1999,fungi_final001137.jpg
2000,fungi_final000883.jpg
2001,fungi_final001704.jpg
2002,fungi_final001550.jpg
2003,fungi_final002694.jpg
2004,fungi_final000475.jpg
2005,fungi_final000177.jpg
2006,fungi_final003478.jpg
2007,fungi_final001818.jpg
2008,fungi_final001837.jpg
2009,fungi_final001519.jpg
2010,fungi_final002629.jpg
2011,fungi_final002810.jpg
2012,fungi_final003106.jpg
2013,fungi_final000743.jpg
2014,fungi_final002887.jpg
2015,fungi_final000595.jpg
2016,fungi_final000241.jpg
2017,fungi_final002466.jpg
2018,fungi_final003070.jpg
2019,fungi_final000146.jpg
2020,fungi_final002872.jpg
2021,fungi_final002992.jpg
2022,fungi_final001854.jpg
2023,fungi_final000500.jpg
2024,fungi_final003240.jpg
2025,fungi_final000150.jpg
2026,fungi_final000137.jpg
2027,fungi_final003589.jpg
2028,fungi_final001588.jpg
2029,fungi_final002831.jpg
2030,fungi_final001502.jpg
2031,fungi_final002430.jpg
2032,fungi_final002869.jpg
2033,fungi_final002128.jpg
2034,fungi_final002073.jpg
2035,fungi_final002264.jpg
2036,fungi_final000165.jpg
2037,fungi_final001968.jpg
2038,fungi_final002326.jpg
2039,fungi_final003349.jpg
2040,fungi_final003315.jpg
2041,fungi_final001116.jpg
2042,fungi_final003286.jpg
2043,fungi_final001525.jpg
2044,fungi_final003325.jpg
2045,fungi_final003006.jpg
2046,fungi_final001141.jpg
2047,fungi_final003595.jpg
2048,fungi_final003035.jpg
2049,fungi_final001858.jpg
2050,fungi_final001499.jpg
2051,fungi_final003183.jpg
2052,fungi_final001181.jpg
2053,fungi_final000831.jpg
2054,fungi_final001450.jpg
2055,fungi_final002205.jpg
2056,fungi_final001706.jpg
2057,fungi_final001905.jpg
2058,fungi_final003362.jpg
2059,fungi_final003483.jpg
2060,fungi_final001655.jpg
2061,fungi_final003117.jpg
2062,fungi_final001685.jpg
2063,fungi_final000355.jpg
2064,fungi_final002290.jpg
2065,fungi_final000663.jpg
2066,fungi_final001897.jpg
2067,fungi_final002083.jpg
2068,fungi_final000994.jpg
2069,fungi_final002169.jpg
2070,fungi_final002276.jpg
2071,fungi_final001225.jpg
2072,fungi_final000411.jpg
2073,fungi_final002096.jpg
2074,fungi_final000210.jpg
2075,fungi_final000998.jpg
2076,fungi_final001363.jpg
2077,fungi_final001825.jpg
2078,fungi_final002082.jpg
2079,fungi_final003177.jpg
2080,fungi_final002659.jpg
2081,fungi_final002790.jpg
2082,fungi_final002223.jpg
2083,fungi_final002457.jpg
2084,fungi_final002207.jpg
2085,fungi_final002198.jpg
2086,fungi_final001878.jpg
2087,fungi_final000942.jpg
2088,fungi_final001377.jpg
2089,fungi_final001644.jpg
2090,fungi_final000265.jpg
2091,fungi_final000005.jpg
2092,fungi_final001933.jpg
2093,fungi_final002175.jpg
2094,fungi_final003385.jpg
2095,fungi_final002870.jpg
2096,fungi_final002572.jpg
2097,fungi_final002473.jpg
2098,fungi_final001353.jpg
2099,fungi_final003138.jpg
2100,fungi_final001795.jpg
2101,fungi_final000255.jpg
2102,fungi_final000156.jpg
2103,fungi_final001350.jpg
2104,fungi_final002192.jpg
2105,fungi_final003267.jpg
2106,fungi_final000013.jpg
2107,fungi_final003313.jpg
2108,fungi_final001579.jpg
2109,fungi_final001501.jpg
2110,fungi_final000030.jpg
2111,fungi_final001547.jpg
2112,fungi_final000996.jpg
2113,fungi_final000713.jpg
2114,fungi_final003096.jpg
2115,fungi_final001191.jpg
2116,fungi_final003347.jpg
2117,fungi_final003257.jpg
2118,fungi_final003421.jpg
2119,fungi_final001313.jpg
2120,fungi_final001132.jpg
2121,fungi_final001376.jpg
2122,fungi_final002591.jpg
2123,fungi_final000607.jpg
2124,fungi_final003213.jpg
2125,fungi_final002647.jpg
2126,fungi_final003547.jpg
2127,fungi_final000385.jpg
2128,fungi_final001358.jpg
2129,fungi_final003016.jpg
2130,fungi_final001025.jpg
2131,fungi_final001520.jpg
2132,fungi_final002548.jpg
2133,fungi_final002859.jpg
2134,fungi_final001092.jpg
2135,fungi_final001441.jpg
2136,fungi_final000196.jpg
2137,fungi_final001553.jpg
2138,fungi_final002801.jpg
2139,fungi_final002891.jpg
2140,fungi_final001969.jpg
2141,fungi_final001754.jpg
2142,fungi_final003574.jpg
2143,fungi_final000068.jpg
2144,fungi_final001536.jpg
2145,fungi_final003073.jpg
2146,fungi_final001135.jpg
2147,fungi_final001018.jpg
2148,fungi_final002688.jpg
2149,fungi_final001326.jpg
2150,fungi_final001775.jpg
2151,fungi_final000305.jpg
2152,fungi_final001935.jpg
2153,fungi_final000733.jpg
2154,fungi_final001468.jpg
2155,fungi_final003530.jpg
2156,fungi_final003047.jpg
2157,fungi_final001248.jpg
2158,fungi_final003290.jpg
2159,fungi_final001913.jpg
2160,fungi_final001966.jpg
2161,fungi_final003288.jpg
2162,fungi_final000393.jpg
2163,fungi_final002990.jpg
2164,fungi_final000622.jpg
2165,fungi_final000058.jpg
2166,fungi_final000704.jpg
2167,fungi_final000092.jpg
2168,fungi_final002999.jpg
2169,fungi_final001290.jpg
2170,fungi_final001178.jpg
2171,fungi_final001431.jpg
2172,fungi_final003159.jpg
2173,fungi_final000597.jpg
2174,fungi_final001899.jpg
2175,fungi_final000281.jpg
2176,fungi_final002774.jpg
2177,fungi_final001081.jpg
2178,fungi_final002183.jpg
2179,fungi_final001660.jpg
2180,fungi_final000361.jpg
2181,fungi_final001265.jpg
2182,fungi_final002987.jpg
2183,fungi_final001657.jpg
2184,fungi_final001777.jpg
2185,fungi_final002714.jpg
2186,fungi_final001844.jpg
2187,fungi_final002924.jpg
2188,fungi_final002937.jpg
2189,fungi_final003329.jpg
2190,fungi_final001261.jpg
2191,fungi_final003458.jpg
2192,fungi_final003182.jpg
2193,fungi_final000479.jpg
2194,fungi_final001776.jpg
2195,fungi_final001904.jpg
2196,fungi_final000369.jpg
2197,fungi_final000194.jpg
2198,fungi_final000142.jpg
2199,fungi_final001040.jpg
2200,fungi_final000399.jpg
2201,fungi_final002074.jpg
2202,fungi_final003011.jpg
2203,fungi_final003274.jpg
2204,fungi_final000635.jpg
2205,fungi_final002111.jpg
2206,fungi_final003453.jpg
2207,fungi_final003268.jpg
2208,fungi_final002954.jpg
2209,fungi_final000000.jpg
2210,fungi_final002556.jpg
2211,fungi_final002190.jpg
2212,fungi_final002274.jpg
2213,fungi_final003346.jpg
2214,fungi_final001516.jpg
2215,fungi_final001267.jpg
2216,fungi_final000872.jpg
2217,fungi_final001802.jpg
2218,fungi_final001299.jpg
2219,fungi_final000216.jpg
2220,fungi_final003048.jpg
2221,fungi_final002838.jpg
2222,fungi_final002707.jpg
2223,fungi_final001805.jpg
2224,fungi_final001016.jpg
2225,fungi_final000296.jpg
2226,fungi_final001674.jpg
2227,fungi_final001471.jpg
2228,fungi_final001568.jpg
2229,fungi_final001371.jpg
2230,fungi_final001460.jpg
2231,fungi_final001454.jpg
2232,fungi_final001476.jpg
2233,fungi_final001884.jpg
2234,fungi_final002746.jpg
2235,fungi_final003294.jpg
2236,fungi_final002776.jpg
2237,fungi_final003261.jpg
2238,fungi_final002968.jpg
2239,fungi_final000247.jpg
2240,fungi_final001437.jpg
2241,fungi_final000266.jpg
2242,fungi_final000659.jpg
2243,fungi_final002265.jpg
2244,fungi_final002469.jpg
2245,fungi_final002944.jpg
2246,fungi_final000891.jpg
2247,fungi_final003559.jpg
2248,fungi_final001458.jpg
2249,fungi_final003089.jpg
2250,fungi_final003226.jpg
2251,fungi_final000795.jpg
2252,fungi_final002146.jpg
2253,fungi_final000906.jpg
2254,fungi_final001388.jpg
2255,fungi_final001624.jpg
2256,fungi_final003253.jpg
2257,fungi_final000666.jpg
2258,fungi_final003520.jpg
2259,fungi_final003114.jpg
2260,fungi_final002551.jpg
2261,fungi_final000615.jpg
2262,fungi_final002820.jpg
2263,fungi_final001532.jpg
2264,fungi_final001414.jpg
2265,fungi_final001449.jpg
2266,fungi_final002861.jpg
2267,fungi_final002919.jpg
2268,fungi_final002973.jpg
2269,fungi_final001610.jpg
2270,fungi_final000288.jpg
2271,fungi_final001264.jpg
2272,fungi_final002796.jpg
2273,fungi_final001361.jpg
2274,fungi_final000909.jpg
2275,fungi_final000309.jpg
2276,fungi_final001125.jpg
2277,fungi_final001659.jpg
2278,fungi_final001228.jpg
2279,fungi_final001111.jpg
2280,fungi_final001649.jpg
2281,fungi_final002986.jpg
2282,fungi_final002039.jpg
2283,fungi_final002215.jpg
2284,fungi_final001393.jpg
2285,fungi_final002170.jpg
2286,fungi_final001826.jpg
2287,fungi_final000596.jpg
2288,fungi_final003056.jpg
2289,fungi_final002234.jpg
2290,fungi_final003512.jpg
2291,fungi_final002030.jpg
2292,fungi_final001906.jpg
2293,fungi_final003461.jpg
2294,fungi_final002506.jpg
2295,fungi_final002903.jpg
2296,fungi_final000624.jpg
2297,fungi_final001841.jpg
2298,fungi_final000905.jpg
2299,fungi_final001246.jpg
2300,fungi_final000814.jpg
2301,fungi_final000870.jpg
2302,fungi_final003039.jpg
2303,fungi_final002139.jpg
2304,fungi_final002762.jpg
2305,fungi_final002186.jpg
2306,fungi_final000056.jpg
2307,fungi_final000202.jpg
2308,fungi_final000754.jpg
2309,fungi_final001609.jpg
2310,fungi_final002596.jpg
2311,fungi_final000446.jpg
2312,fungi_final000417.jpg
2313,fungi_final000499.jpg
2314,fungi_final002824.jpg
2315,fungi_final003587.jpg
2316,fungi_final000647.jpg
2317,fungi_final000166.jpg
2318,fungi_final000576.jpg
2319,fungi_final002611.jpg
2320,fungi_final000274.jpg
2321,fungi_final001237.jpg
2322,fungi_final002522.jpg
2323,fungi_final001908.jpg
2324,fungi_final001129.jpg
2325,fungi_final003577.jpg
2326,fungi_final001337.jpg
2327,fungi_final000586.jpg
2328,fungi_final002632.jpg
2329,fungi_final000262.jpg
2330,fungi_final001060.jpg
2331,fungi_final001882.jpg
2332,fungi_final001032.jpg
2333,fungi_final002057.jpg
2334,fungi_final002638.jpg
2335,fungi_final002486.jpg
2336,fungi_final000739.jpg
2337,fungi_final002646.jpg
2338,fungi_final002687.jpg
2339,fungi_final002230.jpg
2340,fungi_final000482.jpg
2341,fungi_final003168.jpg
2342,fungi_final000911.jpg
2343,fungi_final002508.jpg
2344,fungi_final002755.jpg
2345,fungi_final000711.jpg
2346,fungi_final000971.jpg
2347,fungi_final000252.jpg
2348,fungi_final002120.jpg
2349,fungi_final001978.jpg
2350,fungi_final002727.jpg
2351,fungi_final000728.jpg
2352,fungi_final002839.jpg
2353,fungi_final002560.jpg
2354,fungi_final003063.jpg
2355,fungi_final000703.jpg
2356,fungi_final001726.jpg
2357,fungi_final001840.jpg
2358,fungi_final001020.jpg
2359,fungi_final002403.jpg
2360,fungi_final000907.jpg
2361,fungi_final000722.jpg
2362,fungi_final001336.jpg
2363,fungi_final002843.jpg
2364,fungi_final001256.jpg
2365,fungi_final003307.jpg
2366,fungi_final003543.jpg
2367,fungi_final001183.jpg
2368,fungi_final003021.jpg
2369,fungi_final001652.jpg
2370,fungi_final002926.jpg
2371,fungi_final000638.jpg
2372,fungi_final001664.jpg
2373,fungi_final001487.jpg
2374,fungi_final002637.jpg
2375,fungi_final000162.jpg
2376,fungi_final001739.jpg
2377,fungi_final000778.jpg
2378,fungi_final000940.jpg
2379,fungi_final002434.jpg
2380,fungi_final002489.jpg
2381,fungi_final002980.jpg
2382,fungi_final001621.jpg
2383,fungi_final003470.jpg
2384,fungi_final002697.jpg
2385,fungi_final000472.jpg
2386,fungi_final000555.jpg
2387,fungi_final001392.jpg
2388,fungi_final000221.jpg
2389,fungi_final000817.jpg
2390,fungi_final001627.jpg
2391,fungi_final000239.jpg
2392,fungi_final001262.jpg
2393,fungi_final000748.jpg
2394,fungi_final002043.jpg
2395,fungi_final000552.jpg
2396,fungi_final002184.jpg
2397,fungi_final002885.jpg
2398,fungi_final003276.jpg
2399,fungi_final000685.jpg
2400,fungi_final001423.jpg
2401,fungi_final003499.jpg
2402,fungi_final000863.jpg
2403,fungi_final001835.jpg
2404,fungi_final002201.jpg
2405,fungi_final000631.jpg
2406,fungi_final001311.jpg
2407,fungi_final002542.jpg
2408,fungi_final003599.jpg
2409,fungi_final001044.jpg
2410,fungi_final000541.jpg
2411,fungi_final000609.jpg
2412,fungi_final003437.jpg
2413,fungi_final000502.jpg
2414,fungi_final000695.jpg
2415,fungi_final001545.jpg
2416,fungi_final001845.jpg
2417,fungi_final000171.jpg
2418,fungi_final002876.jpg
2419,fungi_final003321.jpg
2420,fungi_final001206.jpg
2421,fungi_final000337.jpg
2422,fungi_final003155.jpg
2423,fungi_final002233.jpg
2424,fungi_final001145.jpg
2425,fungi_final001485.jpg
2426,fungi_final000147.jpg
2427,fungi_final000419.jpg
2428,fungi_final001153.jpg
2429,fungi_final001102.jpg
2430,fungi_final003055.jpg
2431,fungi_final000818.jpg
2432,fungi_final002816.jpg
2433,fungi_final001923.jpg
2434,fungi_final000786.jpg
2435,fungi_final001079.jpg
2436,fungi_final003594.jpg
2437,fungi_final001843.jpg
2438,fungi_final001893.jpg
2439,fungi_final000383.jpg
2440,fungi_final001238.jpg
2441,fungi_final000378.jpg
2442,fungi_final002296.jpg
2443,fungi_final003514.jpg
2444,fungi_final003086.jpg
2445,fungi_final001552.jpg
2446,fungi_final000474.jpg
2447,fungi_final001869.jpg
2448,fungi_final001224.jpg
2449,fungi_final001604.jpg
2450,fungi_final002804.jpg
2451,fungi_final001855.jpg
2452,fungi_final001474.jpg
2453,fungi_final002848.jpg
2454,fungi_final003284.jpg
2455,fungi_final002260.jpg
2456,fungi_final000672.jpg
2457,fungi_final000418.jpg
2458,fungi_final002397.jpg
2459,fungi_final000111.jpg
2460,fungi_final000731.jpg
2461,fungi_final002947.jpg
2462,fungi_final003563.jpg
2463,fungi_final002297.jpg
2464,fungi_final000324.jpg
2465,fungi_final000095.jpg
2466,fungi_final002997.jpg
2467,fungi_final001548.jpg
2468,fungi_final000520.jpg
2469,fungi_final002464.jpg
2470,fungi_final002621.jpg
2471,fungi_final002984.jpg
2472,fungi_final003308.jpg
2473,fungi_final002425.jpg
2474,fungi_final000707.jpg
2475,fungi_final001748.jpg
2476,fungi_final002452.jpg
2477,fungi_final002065.jpg
2478,fungi_final001977.jpg
2479,fungi_final000534.jpg
2480,fungi_final001475.jpg
2481,fungi_final000519.jpg
2482,fungi_final000441.jpg
2483,fungi_final000781.jpg
2484,fungi_final001928.jpg
2485,fungi_final002521.jpg
2486,fungi_final003075.jpg
2487,fungi_final000790.jpg
2488,fungi_final002748.jpg
2489,fungi_final002785.jpg
2490,fungi_final001711.jpg
2491,fungi_final000300.jpg
2492,fungi_final002807.jpg
2493,fungi_final002283.jpg
2494,fungi_final001066.jpg
2495,fungi_final002167.jpg
2496,fungi_final000322.jpg
2497,fungi_final000179.jpg
2498,fungi_final003103.jpg
2499,fungi_final003012.jpg
2500,fungi_final000794.jpg
2501,fungi_final000618.jpg
2502,fungi_final002086.jpg
2503,fungi_final001496.jpg
2504,fungi_final002923.jpg
2505,fungi_final002447.jpg
2506,fungi_final002735.jpg
2507,fungi_final002142.jpg
2508,fungi_final000935.jpg
2509,fungi_final000930.jpg
2510,fungi_final001453.jpg
2511,fungi_final001077.jpg
2512,fungi_final000788.jpg
2513,fungi_final001780.jpg
2514,fungi_final001796.jpg
2515,fungi_final000528.jpg
2516,fungi_final003232.jpg
2517,fungi_final002536.jpg
2518,fungi_final002866.jpg
2519,fungi_final001495.jpg
2520,fungi_final001395.jpg
2521,fungi_final003550.jpg
2522,fungi_final000372.jpg
2523,fungi_final002101.jpg
2524,fungi_final000625.jpg
2525,fungi_final002983.jpg
2526,fungi_final001253.jpg
2527,fungi_final002015.jpg
2528,fungi_final000037.jpg
2529,fungi_final000917.jpg
2530,fungi_final002660.jpg
2531,fungi_final003398.jpg
2532,fungi_final000493.jpg
2533,fungi_final001349.jpg
2534,fungi_final002250.jpg
2535,fungi_final002609.jpg
2536,fungi_final003082.jpg
2537,fungi_final000195.jpg
2538,fungi_final001323.jpg
2539,fungi_final002313.jpg
2540,fungi_final000345.jpg
2541,fungi_final002695.jpg
2542,fungi_final001286.jpg
2543,fungi_final000568.jpg
2544,fungi_final002948.jpg
2545,fungi_final000382.jpg
2546,fungi_final001222.jpg
2547,fungi_final001128.jpg
2548,fungi_final000270.jpg
2549,fungi_final001563.jpg
2550,fungi_final002955.jpg
2551,fungi_final000582.jpg
2552,fungi_final002060.jpg
2553,fungi_final000356.jpg
2554,fungi_final001663.jpg
2555,fungi_final001719.jpg
2556,fungi_final001459.jpg
2557,fungi_final002510.jpg
2558,fungi_final002454.jpg
2559,fungi_final002797.jpg
2560,fungi_final001213.jpg
2561,fungi_final002610.jpg
2562,fungi_final001738.jpg
2563,fungi_final002339.jpg
2564,fungi_final003360.jpg
2565,fungi_final000180.jpg
2566,fungi_final003210.jpg
2567,fungi_final002581.jpg
2568,fungi_final001864.jpg
2569,fungi_final001168.jpg
2570,fungi_final000451.jpg
2571,fungi_final002523.jpg
2572,fungi_final002414.jpg
2573,fungi_final002278.jpg
2574,fungi_final000060.jpg
2575,fungi_final003254.jpg
2576,fungi_final003208.jpg
2577,fungi_final000079.jpg
2578,fungi_final000959.jpg
2579,fungi_final001757.jpg
2580,fungi_final002981.jpg
2581,fungi_final003351.jpg
2582,fungi_final002709.jpg
2583,fungi_final001147.jpg
2584,fungi_final000041.jpg
2585,fungi_final002052.jpg
2586,fungi_final000116.jpg
2587,fungi_final002288.jpg
2588,fungi_final000871.jpg
2589,fungi_final001889.jpg
2590,fungi_final002180.jpg
2591,fungi_final002497.jpg
2592,fungi_final001785.jpg
2593,fungi_final000606.jpg
2594,fungi_final001926.jpg
2595,fungi_final001338.jpg
2596,fungi_final001850.jpg
2597,fungi_final000141.jpg
2598,fungi_final000957.jpg
2599,fungi_final003171.jpg
2600,fungi_final000648.jpg
2601,fungi_final002268.jpg
2602,fungi_final001041.jpg
2603,fungi_final000138.jpg
2604,fungi_final000833.jpg
2605,fungi_final000941.jpg
2606,fungi_final001924.jpg
2607,fungi_final002162.jpg
2608,fungi_final001444.jpg
2609,fungi_final001292.jpg
2610,fungi_final003459.jpg
2611,fungi_final001194.jpg
2612,fungi_final000671.jpg
2613,fungi_final002376.jpg
2614,fungi_final002994.jpg
2615,fungi_final001030.jpg
2616,fungi_final001254.jpg
2617,fungi_final001732.jpg
2618,fungi_final002001.jpg
2619,fungi_final000017.jpg
2620,fungi_final001185.jpg
2621,fungi_final000604.jpg
2622,fungi_final001189.jpg
2623,fungi_final000538.jpg
2624,fungi_final002505.jpg
2625,fungi_final000339.jpg
2626,fungi_final000388.jpg
2627,fungi_final000636.jpg
2628,fungi_final000206.jpg
2629,fungi_final002410.jpg
2630,fungi_final000769.jpg
2631,fungi_final002416.jpg
2632,fungi_final001490.jpg
2633,fungi_final002384.jpg
2634,fungi_final001830.jpg
2635,fungi_final000489.jpg
2636,fungi_final001017.jpg
2637,fungi_final000450.jpg
2638,fungi_final002965.jpg
2639,fungi_final002220.jpg
2640,fungi_final001382.jpg
2641,fungi_final000709.jpg
2642,fungi_final002308.jpg
2643,fungi_final000452.jpg
2644,fungi_final000468.jpg
2645,fungi_final002715.jpg
2646,fungi_final001641.jpg
2647,fungi_final002347.jpg
2648,fungi_final000495.jpg
2649,fungi_final001896.jpg
2650,fungi_final000993.jpg
2651,fungi_final001277.jpg
2652,fungi_final000386.jpg
2653,fungi_final003272.jpg
2654,fungi_final000770.jpg
2655,fungi_final003188.jpg
2656,fungi_final002921.jpg
2657,fungi_final000268.jpg
2658,fungi_final002823.jpg
2659,fungi_final001593.jpg
2660,fungi_final002597.jpg
2661,fungi_final001766.jpg
2662,fungi_final000892.jpg
2663,fungi_final002144.jpg
2664,fungi_final003066.jpg
2665,fungi_final001530.jpg
2666,fungi_final002656.jpg
2667,fungi_final002321.jpg
2668,fungi_final001859.jpg
2669,fungi_final001774.jpg
2670,fungi_final003245.jpg
2671,fungi_final003285.jpg
2672,fungi_final000416.jpg
2673,fungi_final000373.jpg
2674,fungi_final003527.jpg
2675,fungi_final002407.jpg
2676,fungi_final000851.jpg
2677,fungi_final001952.jpg
2678,fungi_final000049.jpg
2679,fungi_final003480.jpg
2680,fungi_final003521.jpg
2681,fungi_final000986.jpg
2682,fungi_final001307.jpg
2683,fungi_final001103.jpg
2684,fungi_final002620.jpg
2685,fungi_final000667.jpg
2686,fungi_final000323.jpg
2687,fungi_final000376.jpg
2688,fungi_final001543.jpg
2689,fungi_final002277.jpg
2690,fungi_final001668.jpg
2691,fungi_final002076.jpg
2692,fungi_final002341.jpg
2693,fungi_final002033.jpg
2694,fungi_final003273.jpg
2695,fungi_final001907.jpg
2696,fungi_final000852.jpg
2697,fungi_final003018.jpg
2698,fungi_final001640.jpg
2699,fungi_final002133.jpg
2700,fungi_final002541.jpg
2701,fungi_final002383.jpg
2702,fungi_final000787.jpg
2703,fungi_final001700.jpg
2704,fungi_final001440.jpg
2705,fungi_final002675.jpg
2706,fungi_final001379.jpg
2707,fungi_final001193.jpg
2708,fungi_final002467.jpg
2709,fungi_final003553.jpg
2710,fungi_final002634.jpg
2711,fungi_final003469.jpg
2712,fungi_final000768.jpg
2713,fungi_final002545.jpg
2714,fungi_final000153.jpg
2715,fungi_final001586.jpg
2716,fungi_final002404.jpg
2717,fungi_final002310.jpg
2718,fungi_final002352.jpg
2719,fungi_final001688.jpg
2720,fungi_final001737.jpg
2721,fungi_final001234.jpg
2722,fungi_final000222.jpg
2723,fungi_final000967.jpg
2724,fungi_final002448.jpg
2725,fungi_final000185.jpg
2726,fungi_final003435.jpg
2727,fungi_final000483.jpg
2728,fungi_final002630.jpg
2729,fungi_final002126.jpg
2730,fungi_final003378.jpg
2731,fungi_final000864.jpg
2732,fungi_final000553.jpg
2733,fungi_final002119.jpg
2734,fungi_final000022.jpg
2735,fungi_final002772.jpg
2736,fungi_final000076.jpg
2737,fungi_final003560.jpg
2738,fungi_final001566.jpg
2739,fungi_final002692.jpg
2740,fungi_final000412.jpg
2741,fungi_final002833.jpg
2742,fungi_final001207.jpg
2743,fungi_final003095.jpg
2744,fungi_final000885.jpg
2745,fungi_final000526.jpg
2746,fungi_final001364.jpg
2747,fungi_final001381.jpg
2748,fungi_final002152.jpg
2749,fungi_final000245.jpg
2750,fungi_final002768.jpg
2751,fungi_final003216.jpg
2752,fungi_final000847.jpg
2753,fungi_final003511.jpg
2754,fungi_final002438.jpg
2755,fungi_final003199.jpg
2756,fungi_final000633.jpg
2757,fungi_final000031.jpg
2758,fungi_final000486.jpg
2759,fungi_final002750.jpg
2760,fungi_final001824.jpg
2761,fungi_final002741.jpg
2762,fungi_final001997.jpg
2763,fungi_final001853.jpg
2764,fungi_final001539.jpg
2765,fungi_final000414.jpg
2766,fungi_final001300.jpg
2767,fungi_final001958.jpg
2768,fungi_final001339.jpg
2769,fungi_final002519.jpg
2770,fungi_final002116.jpg
2771,fungi_final001397.jpg
2772,fungi_final002573.jpg
2773,fungi_final000390.jpg
2774,fungi_final000249.jpg
2775,fungi_final000012.jpg
2776,fungi_final003113.jpg
2777,fungi_final002819.jpg
2778,fungi_final003342.jpg
2779,fungi_final000449.jpg
2780,fungi_final002000.jpg
2781,fungi_final000193.jpg
2782,fungi_final001332.jpg
2783,fungi_final001562.jpg
2784,fungi_final001851.jpg
2785,fungi_final003332.jpg
2786,fungi_final001221.jpg
2787,fungi_final001938.jpg
2788,fungi_final000779.jpg
2789,fungi_final000379.jpg
2790,fungi_final002106.jpg
2791,fungi_final000584.jpg
2792,fungi_final000410.jpg
2793,fungi_final000741.jpg
2794,fungi_final000774.jpg
2795,fungi_final001318.jpg
2796,fungi_final003479.jpg
2797,fungi_final002589.jpg
2798,fungi_final001925.jpg
2799,fungi_final001418.jpg
2800,fungi_final000198.jpg
2801,fungi_final002236.jpg
2802,fungi_final000964.jpg
2803,fungi_final000776.jpg
2804,fungi_final001133.jpg
2805,fungi_final002279.jpg
2806,fungi_final002098.jpg
2807,fungi_final001301.jpg
2808,fungi_final003352.jpg
2809,fungi_final003341.jpg
2810,fungi_final003525.jpg
2811,fungi_final000933.jpg
2812,fungi_final001068.jpg
2813,fungi_final001868.jpg
2814,fungi_final003579.jpg
2815,fungi_final001319.jpg
2816,fungi_final003441.jpg
2817,fungi_final002137.jpg
2818,fungi_final002570.jpg
2819,fungi_final003516.jpg
2820,fungi_final000924.jpg
2821,fungi_final002476.jpg
2822,fungi_final002787.jpg
2823,fungi_final000723.jpg
2824,fungi_final000956.jpg
2825,fungi_final002484.jpg
2826,fungi_final000981.jpg
2827,fungi_final000581.jpg
2828,fungi_final001513.jpg
2829,fungi_final001403.jpg
2830,fungi_final001002.jpg
2831,fungi_final003074.jpg
2832,fungi_final001249.jpg
2833,fungi_final000797.jpg
2834,fungi_final001971.jpg
2835,fungi_final001014.jpg
2836,fungi_final001770.jpg
2837,fungi_final001486.jpg
2838,fungi_final003343.jpg
2839,fungi_final001048.jpg
2840,fungi_final002915.jpg
2841,fungi_final000509.jpg
2842,fungi_final000846.jpg
2843,fungi_final001817.jpg
2844,fungi_final001023.jpg
2845,fungi_final000893.jpg
2846,fungi_final002285.jpg
2847,fungi_final003425.jpg
2848,fungi_final000700.jpg
2849,fungi_final001163.jpg
2850,fungi_final002089.jpg
2851,fungi_final001347.jpg
2852,fungi_final001680.jpg
2853,fungi_final000236.jpg
2854,fungi_final000113.jpg
2855,fungi_final001387.jpg
2856,fungi_final000573.jpg
2857,fungi_final001877.jpg
2858,fungi_final000464.jpg
2859,fungi_final002703.jpg
2860,fungi_final002761.jpg
2861,fungi_final001078.jpg
2862,fungi_final002794.jpg
2863,fungi_final000929.jpg
2864,fungi_final000683.jpg
2865,fungi_final000936.jpg
2866,fungi_final000273.jpg
2867,fungi_final001151.jpg
2868,fungi_final001138.jpg
2869,fungi_final001847.jpg
2870,fungi_final003356.jpg
2871,fungi_final002920.jpg
2872,fungi_final002100.jpg
2873,fungi_final003449.jpg
2874,fungi_final000515.jpg
2875,fungi_final002025.jpg
2876,fungi_final003442.jpg
2877,fungi_final001435.jpg
2878,fungi_final001204.jpg
2879,fungi_final000120.jpg
2880,fungi_final001676.jpg
2881,fungi_final000725.jpg
2882,fungi_final000036.jpg
2883,fungi_final001161.jpg
2884,fungi_final000088.jpg
2885,fungi_final001956.jpg
2886,fungi_final003280.jpg
2887,fungi_final002592.jpg
2888,fungi_final001302.jpg
2889,fungi_final003376.jpg
2890,fungi_final002196.jpg
2891,fungi_final001511.jpg
2892,fungi_final000653.jpg
2893,fungi_final001420.jpg
2894,fungi_final001677.jpg
2895,fungi_final001558.jpg
2896,fungi_final003281.jpg
2897,fungi_final002910.jpg
2898,fungi_final000043.jpg
2899,fungi_final001936.jpg
2900,fungi_final000634.jpg
2901,fungi_final000096.jpg
2902,fungi_final000408.jpg
2903,fungi_final002982.jpg
2904,fungi_final002979.jpg
2905,fungi_final000798.jpg
2906,fungi_final001672.jpg
2907,fungi_final002439.jpg
2908,fungi_final002232.jpg
2909,fungi_final002818.jpg
2910,fungi_final003301.jpg
2911,fungi_final001130.jpg
2912,fungi_final000362.jpg
2913,fungi_final000480.jpg
2914,fungi_final001673.jpg
2915,fungi_final001117.jpg
2916,fungi_final001842.jpg
2917,fungi_final000535.jpg
2918,fungi_final003132.jpg
2919,fungi_final000072.jpg
2920,fungi_final002256.jpg
2921,fungi_final001678.jpg
2922,fungi_final002642.jpg
2923,fungi_final001638.jpg
2924,fungi_final003415.jpg
2925,fungi_final002672.jpg
2926,fungi_final000565.jpg
2927,fungi_final003194.jpg
2928,fungi_final001951.jpg
2929,fungi_final001879.jpg
2930,fungi_final002711.jpg
2931,fungi_final003585.jpg
2932,fungi_final002528.jpg
2933,fungi_final003043.jpg
2934,fungi_final003178.jpg
2935,fungi_final002650.jpg
2936,fungi_final001082.jpg
2937,fungi_final003192.jpg
2938,fungi_final000516.jpg
2939,fungi_final002500.jpg
2940,fungi_final001226.jpg
2941,fungi_final002702.jpg
2942,fungi_final001488.jpg
2943,fungi_final001354.jpg
2944,fungi_final002402.jpg
2945,fungi_final003116.jpg
2946,fungi_final000919.jpg
2947,fungi_final001915.jpg
2948,fungi_final003422.jpg
2949,fungi_final003078.jpg
2950,fungi_final000800.jpg
2951,fungi_final000488.jpg
2952,fungi_final001434.jpg
2953,fungi_final003004.jpg
2954,fungi_final003164.jpg
2955,fungi_final002708.jpg
2956,fungi_final000717.jpg
2957,fungi_final000543.jpg
2958,fungi_final000197.jpg
2959,fungi_final001430.jpg
2960,fungi_final003345.jpg
2961,fungi_final002716.jpg
2962,fungi_final002021.jpg
2963,fungi_final000819.jpg
2964,fungi_final002474.jpg
2965,fungi_final001666.jpg
2966,fungi_final002427.jpg
2967,fungi_final000064.jpg
2968,fungi_final000549.jpg
2969,fungi_final000084.jpg
2970,fungi_final003340.jpg
2971,fungi_final001202.jpg
2972,fungi_final003185.jpg
2973,fungi_final000097.jpg
2974,fungi_final003464.jpg
2975,fungi_final001650.jpg
2976,fungi_final003150.jpg
2977,fungi_final001709.jpg
2978,fungi_final002085.jpg
2979,fungi_final001011.jpg
2980,fungi_final002520.jpg
2981,fungi_final002228.jpg
2982,fungi_final002808.jpg
2983,fungi_final002456.jpg
2984,fungi_final001617.jpg
2985,fungi_final002856.jpg
2986,fungi_final000982.jpg
2987,fungi_final002366.jpg
2988,fungi_final002335.jpg
2989,fungi_final000912.jpg
2990,fungi_final001096.jpg
2991,fungi_final002579.jpg
2992,fungi_final000089.jpg
2993,fungi_final000052.jpg
2994,fungi_final002037.jpg
2995,fungi_final002988.jpg
2996,fungi_final001250.jpg
2997,fungi_final002822.jpg
2998,fungi_final003485.jpg
2999,fungi_final001953.jpg
3000,fungi_final000053.jpg
3001,fungi_final000224.jpg
3002,fungi_final002580.jpg
3003,fungi_final003375.jpg
3004,fungi_final001064.jpg
3005,fungi_final001567.jpg
3006,fungi_final002437.jpg
3007,fungi_final003176.jpg
3008,fungi_final003146.jpg
3009,fungi_final001921.jpg
3010,fungi_final002993.jpg
3011,fungi_final002147.jpg
3012,fungi_final000802.jpg
3013,fungi_final000026.jpg
3014,fungi_final001665.jpg
3015,fungi_final000061.jpg
3016,fungi_final003196.jpg
3017,fungi_final002129.jpg
3018,fungi_final001669.jpg
3019,fungi_final000590.jpg
3020,fungi_final001616.jpg
3021,fungi_final001112.jpg
3022,fungi_final003463.jpg
3023,fungi_final002164.jpg
3024,fungi_final001849.jpg
3025,fungi_final002837.jpg
3026,fungi_final001559.jpg
3027,fungi_final003244.jpg
3028,fungi_final001098.jpg
3029,fungi_final001735.jpg
3030,fungi_final000178.jpg
3031,fungi_final002354.jpg
3032,fungi_final000189.jpg
3033,fungi_final000589.jpg
3034,fungi_final002898.jpg
3035,fungi_final000121.jpg
3036,fungi_final000978.jpg
3037,fungi_final002143.jpg
3038,fungi_final000501.jpg
3039,fungi_final000716.jpg
3040,fungi_final001000.jpg
3041,fungi_final000997.jpg
3042,fungi_final002938.jpg
3043,fungi_final002770.jpg
3044,fungi_final000879.jpg
3045,fungi_final003153.jpg
3046,fungi_final000214.jpg
3047,fungi_final000211.jpg
3048,fungi_final003381.jpg
3049,fungi_final000979.jpg
3050,fungi_final003524.jpg
3051,fungi_final002549.jpg
3052,fungi_final002683.jpg
3053,fungi_final001024.jpg
3054,fungi_final001643.jpg
3055,fungi_final000692.jpg
3056,fungi_final003323.jpg
3057,fungi_final001681.jpg
3058,fungi_final003536.jpg
3059,fungi_final001852.jpg
3060,fungi_final000130.jpg
3061,fungi_final000375.jpg
3062,fungi_final002415.jpg
3063,fungi_final001043.jpg
3064,fungi_final002298.jpg
3065,fungi_final002113.jpg
3066,fungi_final001503.jpg
3067,fungi_final001273.jpg
3068,fungi_final002635.jpg
3069,fungi_final002817.jpg
3070,fungi_final000035.jpg
3071,fungi_final001687.jpg
3072,fungi_final001327.jpg
3073,fungi_final001974.jpg
3074,fungi_final000899.jpg
3075,fungi_final000591.jpg
3076,fungi_final003064.jpg
3077,fungi_final003424.jpg
3078,fungi_final002208.jpg
3079,fungi_final001948.jpg
3080,fungi_final003538.jpg
3081,fungi_final000567.jpg
3082,fungi_final002061.jpg
3083,fungi_final001957.jpg
3084,fungi_final000258.jpg
3085,fungi_final000091.jpg
3086,fungi_final001479.jpg
3087,fungi_final003433.jpg
3088,fungi_final002024.jpg
3089,fungi_final002922.jpg
3090,fungi_final001801.jpg
3091,fungi_final003390.jpg
3092,fungi_final003080.jpg
3093,fungi_final001883.jpg
3094,fungi_final001291.jpg
3095,fungi_final000048.jpg
3096,fungi_final000726.jpg
3097,fungi_final003468.jpg
3098,fungi_final000229.jpg
3099,fungi_final000611.jpg
3100,fungi_final002943.jpg
3101,fungi_final000145.jpg
3102,fungi_final000602.jpg
3103,fungi_final001150.jpg
3104,fungi_final002935.jpg
3105,fungi_final000354.jpg
3106,fungi_final002830.jpg
3107,fungi_final002095.jpg
3108,fungi_final003564.jpg
3109,fungi_final003123.jpg
3110,fungi_final000348.jpg
3111,fungi_final000055.jpg
3112,fungi_final002058.jpg
3113,fungi_final003333.jpg
3114,fungi_final000110.jpg
3115,fungi_final000859.jpg
3116,fungi_final000950.jpg
3117,fungi_final002559.jpg
3118,fungi_final000675.jpg
3119,fungi_final001970.jpg
3120,fungi_final000459.jpg
3121,fungi_final002706.jpg
3122,fungi_final001999.jpg
3123,fungi_final001591.jpg
3124,fungi_final003233.jpg
3125,fungi_final002127.jpg
3126,fungi_final000396.jpg
3127,fungi_final001284.jpg
3128,fungi_final002066.jpg
3129,fungi_final002622.jpg
3130,fungi_final003566.jpg
3131,fungi_final001985.jpg
3132,fungi_final001713.jpg
3133,fungi_final002393.jpg
3134,fungi_final002358.jpg
3135,fungi_final002084.jpg
3136,fungi_final002248.jpg
3137,fungi_final002455.jpg
3138,fungi_final000542.jpg
3139,fungi_final003206.jpg
3140,fungi_final002793.jpg
3141,fungi_final002814.jpg
3142,fungi_final002428.jpg
3143,fungi_final002488.jpg
3144,fungi_final002639.jpg
3145,fungi_final002511.jpg
3146,fungi_final001243.jpg
3147,fungi_final002501.jpg
3148,fungi_final000028.jpg
3149,fungi_final001058.jpg
3150,fungi_final003578.jpg
3151,fungi_final003076.jpg
3152,fungi_final002435.jpg
3153,fungi_final002160.jpg
3154,fungi_final003098.jpg
3155,fungi_final000760.jpg
3156,fungi_final003025.jpg
3157,fungi_final001009.jpg
3158,fungi_final001075.jpg
3159,fungi_final002360.jpg
3160,fungi_final003251.jpg
3161,fungi_final000485.jpg
3162,fungi_final003050.jpg
3163,fungi_final000444.jpg
3164,fungi_final000792.jpg
3165,fungi_final001186.jpg
3166,fungi_final003214.jpg
3167,fungi_final000699.jpg
3168,fungi_final003252.jpg
3169,fungi_final003300.jpg
3170,fungi_final001172.jpg
3171,fungi_final001335.jpg
3172,fungi_final002391.jpg
3173,fungi_final001384.jpg
3174,fungi_final001165.jpg
3175,fungi_final002150.jpg
3176,fungi_final001943.jpg
3177,fungi_final000718.jpg
3178,fungi_final000154.jpg
3179,fungi_final002617.jpg
3180,fungi_final001126.jpg
3181,fungi_final001370.jpg
3182,fungi_final003130.jpg
3183,fungi_final000125.jpg
3184,fungi_final002492.jpg
3185,fungi_final000512.jpg
3186,fungi_final001281.jpg
3187,fungi_final001575.jpg
3188,fungi_final003316.jpg
3189,fungi_final001015.jpg
3190,fungi_final001134.jpg
3191,fungi_final002079.jpg
3192,fungi_final001747.jpg
3193,fungi_final001091.jpg
3194,fungi_final001946.jpg
3195,fungi_final000140.jpg
3196,fungi_final001541.jpg
3197,fungi_final003445.jpg
3198,fungi_final000462.jpg
3199,fungi_final002323.jpg
3200,fungi_final000780.jpg
3201,fungi_final001599.jpg
3202,fungi_final001345.jpg
3203,fungi_final000395.jpg
3204,fungi_final003467.jpg
3205,fungi_final003092.jpg
3206,fungi_final002051.jpg
3207,fungi_final003237.jpg
3208,fungi_final002199.jpg
3209,fungi_final001093.jpg
3210,fungi_final003418.jpg
3211,fungi_final001962.jpg
3212,fungi_final000429.jpg
3213,fungi_final000312.jpg
3214,fungi_final000494.jpg
3215,fungi_final003071.jpg
3216,fungi_final001768.jpg
3217,fungi_final001087.jpg
3218,fungi_final001983.jpg
3219,fungi_final002468.jpg
3220,fungi_final002023.jpg
3221,fungi_final001594.jpg
3222,fungi_final003549.jpg
3223,fungi_final002631.jpg
3224,fungi_final001918.jpg
3225,fungi_final001241.jpg
3226,fungi_final002531.jpg
3227,fungi_final003087.jpg
3228,fungi_final003031.jpg
3229,fungi_final003180.jpg
3230,fungi_final002765.jpg
3231,fungi_final001455.jpg
3232,fungi_final001457.jpg
3233,fungi_final003593.jpg
3234,fungi_final001386.jpg
3235,fungi_final003197.jpg
3236,fungi_final003358.jpg
3237,fungi_final000260.jpg
3238,fungi_final000067.jpg
3239,fungi_final001282.jpg
3240,fungi_final000082.jpg
3241,fungi_final003202.jpg
3242,fungi_final003101.jpg
3243,fungi_final000835.jpg
3244,fungi_final000809.jpg
3245,fungi_final002868.jpg
3246,fungi_final000471.jpg
3247,fungi_final001099.jpg
3248,fungi_final003379.jpg
3249,fungi_final002561.jpg
3250,fungi_final002042.jpg
3251,fungi_final003289.jpg
3252,fungi_final002240.jpg
3253,fungi_final000437.jpg
3254,fungi_final002070.jpg
3255,fungi_final001788.jpg
3256,fungi_final003266.jpg
3257,fungi_final003510.jpg
3258,fungi_final002395.jpg
3259,fungi_final002475.jpg
3260,fungi_final002941.jpg
3261,fungi_final000507.jpg
3262,fungi_final000122.jpg
3263,fungi_final002550.jpg
3264,fungi_final001717.jpg
3265,fungi_final001945.jpg
3266,fungi_final000575.jpg
3267,fungi_final001794.jpg
3268,fungi_final000163.jpg
3269,fungi_final000246.jpg
3270,fungi_final002679.jpg
3271,fungi_final003368.jpg
3272,fungi_final000834.jpg
3273,fungi_final000811.jpg
3274,fungi_final001557.jpg
3275,fungi_final000527.jpg
3276,fungi_final003338.jpg
3277,fungi_final000975.jpg
3278,fungi_final000614.jpg
3279,fungi_final001046.jpg
3280,fungi_final000359.jpg
3281,fungi_final000620.jpg
3282,fungi_final003059.jpg
3283,fungi_final002764.jpg
3284,fungi_final001419.jpg
3285,fungi_final003100.jpg
3286,fungi_final000254.jpg
3287,fungi_final000212.jpg
3288,fungi_final000984.jpg
3289,fungi_final001297.jpg
3290,fungi_final001421.jpg
3291,fungi_final003486.jpg
3292,fungi_final003410.jpg
3293,fungi_final000763.jpg
3294,fungi_final003227.jpg
3295,fungi_final003256.jpg
3296,fungi_final002563.jpg
3297,fungi_final003205.jpg
3298,fungi_final001195.jpg
3299,fungi_final000002.jpg
3300,fungi_final001061.jpg
3301,fungi_final002530.jpg
3302,fungi_final002593.jpg
3303,fungi_final003526.jpg
3304,fungi_final000740.jpg
3305,fungi_final001903.jpg
3306,fungi_final001782.jpg
3307,fungi_final003165.jpg
3308,fungi_final000426.jpg
3309,fungi_final000785.jpg
3310,fungi_final003529.jpg
3311,fungi_final000600.jpg
3312,fungi_final001992.jpg
3313,fungi_final002628.jpg
3314,fungi_final001428.jpg
3315,fungi_final003201.jpg
3316,fungi_final003484.jpg
3317,fungi_final001894.jpg
3318,fungi_final000257.jpg
3319,fungi_final002045.jpg
3320,fungi_final003412.jpg
3321,fungi_final003279.jpg
3322,fungi_final003000.jpg
3323,fungi_final003022.jpg
3324,fungi_final002513.jpg
3325,fungi_final000995.jpg
3326,fungi_final003447.jpg
3327,fungi_final002587.jpg
3328,fungi_final000435.jpg
3329,fungi_final002282.jpg
3330,fungi_final002018.jpg
3331,fungi_final003369.jpg
3332,fungi_final001396.jpg
3333,fungi_final001580.jpg
3334,fungi_final002044.jpg
3335,fungi_final003072.jpg
3336,fungi_final000261.jpg
3337,fungi_final002494.jpg
3338,fungi_final001722.jpg
3339,fungi_final000544.jpg
3340,fungi_final001071.jpg
3341,fungi_final001645.jpg
3342,fungi_final002009.jpg
3343,fungi_final003049.jpg
3344,fungi_final002771.jpg
3345,fungi_final001304.jpg
3346,fungi_final003275.jpg
3347,fungi_final003028.jpg
3348,fungi_final000069.jpg
3349,fungi_final003299.jpg
3350,fungi_final002698.jpg
3351,fungi_final003298.jpg
3352,fungi_final001036.jpg
3353,fungi_final001305.jpg
3354,fungi_final002273.jpg
3355,fungi_final000360.jpg
3356,fungi_final002124.jpg
3357,fungi_final001799.jpg
3358,fungi_final002585.jpg
3359,fungi_final003488.jpg
3360,fungi_final000259.jpg
3361,fungi_final001089.jpg
3362,fungi_final001839.jpg
3363,fungi_final001898.jpg
3364,fungi_final002599.jpg
3365,fungi_final002799.jpg
3366,fungi_final003393.jpg
3367,fungi_final002235.jpg
3368,fungi_final001895.jpg
3369,fungi_final001888.jpg
3370,fungi_final000027.jpg
3371,fungi_final001866.jpg
3372,fungi_final000968.jpg
3373,fungi_final002760.jpg
3374,fungi_final000782.jpg
3375,fungi_final002206.jpg
3376,fungi_final002094.jpg
3377,fungi_final003027.jpg
3378,fungi_final002775.jpg
3379,fungi_final000075.jpg
3380,fungi_final001372.jpg
3381,fungi_final001749.jpg
3382,fungi_final002691.jpg
3383,fungi_final002261.jpg
3384,fungi_final002752.jpg
3385,fungi_final003187.jpg
3386,fungi_final000174.jpg
3387,fungi_final002845.jpg
3388,fungi_final002109.jpg
3389,fungi_final003127.jpg
3390,fungi_final000867.jpg
3391,fungi_final002071.jpg
3392,fungi_final000098.jpg
3393,fungi_final002806.jpg
3394,fungi_final001920.jpg
3395,fungi_final001890.jpg
3396,fungi_final001415.jpg
3397,fungi_final001190.jpg
3398,fungi_final002840.jpg
3399,fungi_final000664.jpg
3400,fungi_final002275.jpg
3401,fungi_final000629.jpg
3402,fungi_final000074.jpg
3403,fungi_final000478.jpg
3404,fungi_final001767.jpg
3405,fungi_final000953.jpg
3406,fungi_final000560.jpg
3407,fungi_final002408.jpg
3408,fungi_final002382.jpg
3409,fungi_final003446.jpg
3410,fungi_final001510.jpg
3411,fungi_final001275.jpg
3412,fungi_final003359.jpg
3413,fungi_final002782.jpg
3414,fungi_final003472.jpg
3415,fungi_final002722.jpg
3416,fungi_final001555.jpg
3417,fungi_final000569.jpg
3418,fungi_final002855.jpg
3419,fungi_final002392.jpg
3420,fungi_final003224.jpg
3421,fungi_final002655.jpg
3422,fungi_final002242.jpg
3423,fungi_final002934.jpg
3424,fungi_final003269.jpg
3425,fungi_final000807.jpg
3426,fungi_final002460.jpg
3427,fungi_final002759.jpg
3428,fungi_final002322.jpg
3429,fungi_final002693.jpg
3430,fungi_final003519.jpg
3431,fungi_final002991.jpg
3432,fungi_final000873.jpg
3433,fungi_final003554.jpg
3434,fungi_final001756.jpg
3435,fungi_final002155.jpg
3436,fungi_final002718.jpg
3437,fungi_final000172.jpg
3438,fungi_final001482.jpg
3439,fungi_final002374.jpg
3440,fungi_final003331.jpg
3441,fungi_final003324.jpg
3442,fungi_final000539.jpg
3443,fungi_final003391.jpg
3444,fungi_final001115.jpg
3445,fungi_final000420.jpg
3446,fungi_final001619.jpg
3447,fungi_final002054.jpg
3448,fungi_final003502.jpg
3449,fungi_final000329.jpg
3450,fungi_final002238.jpg
3451,fungi_final000514.jpg
3452,fungi_final002645.jpg
3453,fungi_final000169.jpg
3454,fungi_final001714.jpg
3455,fungi_final000123.jpg
3456,fungi_final000698.jpg
3457,fungi_final001324.jpg
3458,fungi_final003306.jpg
3459,fungi_final000087.jpg
3460,fungi_final001989.jpg
3461,fungi_final000963.jpg
3462,fungi_final002299.jpg
3463,fungi_final000525.jpg
3464,fungi_final000734.jpg
3465,fungi_final002719.jpg
3466,fungi_final002516.jpg
3467,fungi_final000915.jpg
3468,fungi_final003454.jpg
3469,fungi_final000029.jpg
3470,fungi_final003541.jpg
3471,fungi_final003419.jpg
3472,fungi_final002157.jpg
3473,fungi_final001651.jpg
3474,fungi_final001251.jpg
3475,fungi_final000550.jpg
3476,fungi_final001574.jpg
3477,fungi_final000655.jpg
3478,fungi_final003565.jpg
3479,fungi_final001067.jpg
3480,fungi_final001865.jpg
3481,fungi_final003460.jpg
3482,fungi_final000363.jpg
3483,fungi_final002005.jpg
3484,fungi_final003405.jpg
3485,fungi_final001229.jpg
3486,fungi_final002677.jpg
3487,fungi_final003249.jpg
3488,fungi_final001814.jpg
3489,fungi_final002412.jpg
3490,fungi_final001615.jpg
3491,fungi_final003129.jpg
3492,fungi_final003367.jpg
3493,fungi_final001223.jpg
3494,fungi_final000813.jpg
3495,fungi_final001944.jpg
3496,fungi_final002945.jpg
3497,fungi_final001402.jpg
3498,fungi_final000612.jpg
3499,fungi_final003439.jpg
3500,fungi_final000439.jpg
3501,fungi_final003350.jpg
3502,fungi_final001741.jpg
3503,fungi_final002211.jpg
3504,fungi_final001743.jpg
3505,fungi_final003365.jpg
3506,fungi_final002594.jpg
3507,fungi_final001378.jpg
3508,fungi_final001034.jpg
3509,fungi_final000987.jpg
3510,fungi_final000218.jpg
3511,fungi_final001160.jpg
3512,fungi_final001049.jpg
3513,fungi_final001582.jpg
3514,fungi_final000578.jpg
3515,fungi_final003024.jpg
3516,fungi_final002895.jpg
3517,fungi_final000866.jpg
3518,fungi_final003509.jpg
3519,fungi_final000730.jpg
3520,fungi_final001701.jpg
3521,fungi_final002499.jpg
3522,fungi_final000093.jpg
3523,fungi_final001808.jpg
3524,fungi_final002173.jpg
3525,fungi_final000669.jpg
3526,fungi_final003108.jpg
3527,fungi_final001736.jpg
3528,fungi_final000326.jpg
3529,fungi_final002423.jpg
3530,fungi_final001446.jpg
3531,fungi_final003548.jpg
3532,fungi_final000938.jpg
3533,fungi_final001625.jpg
3534,fungi_final003287.jpg
3535,fungi_final002203.jpg
3536,fungi_final003397.jpg
3537,fungi_final001494.jpg
3538,fungi_final003017.jpg
3539,fungi_final001730.jpg
3540,fungi_final003195.jpg
3541,fungi_final002877.jpg
3542,fungi_final001910.jpg
3543,fungi_final001760.jpg
3544,fungi_final000513.jpg
3545,fungi_final002122.jpg
3546,fungi_final002328.jpg
3547,fungi_final002684.jpg
3548,fungi_final002515.jpg
3549,fungi_final001001.jpg
3550,fungi_final003428.jpg
3551,fungi_final000724.jpg
3552,fungi_final000099.jpg
3553,fungi_final001385.jpg
3554,fungi_final000551.jpg
3555,fungi_final002835.jpg
3556,fungi_final002286.jpg
3557,fungi_final001804.jpg
3558,fungi_final003596.jpg
3559,fungi_final000102.jpg
3560,fungi_final001662.jpg
3561,fungi_final000200.jpg
3562,fungi_final001710.jpg
3563,fungi_final000081.jpg
3564,fungi_final003282.jpg
3565,fungi_final001391.jpg
3566,fungi_final000529.jpg
3567,fungi_final000773.jpg
3568,fungi_final001215.jpg
3569,fungi_final003002.jpg
3570,fungi_final003136.jpg
3571,fungi_final003175.jpg
3572,fungi_final001162.jpg
3573,fungi_final003533.jpg
3574,fungi_final001628.jpg
3575,fungi_final000380.jpg
3576,fungi_final000628.jpg
3577,fungi_final000803.jpg
3578,fungi_final002022.jpg
3579,fungi_final001212.jpg
3580,fungi_final003544.jpg
3581,fungi_final003238.jpg
3582,fungi_final000715.jpg
3583,fungi_final000358.jpg
3584,fungi_final002640.jpg
3585,fungi_final001217.jpg
3586,fungi_final001691.jpg
3587,fungi_final001679.jpg
3588,fungi_final003215.jpg
3589,fungi_final002644.jpg
3590,fungi_final001515.jpg
3591,fungi_final000878.jpg
3592,fungi_final000295.jpg
3593,fungi_final001219.jpg
3594,fungi_final003230.jpg
3595,fungi_final003107.jpg
3596,fungi_final000510.jpg
3597,fungi_final000250.jpg
3598,fungi_final001470.jpg
3599,fungi_final000284.jpg
